,,,,,,,,,,,,,,,,,,,,,,,,,,,,,,,,,,,,,
Rk,School,TotalG,TotalW,TotalL,W-L%,SRS,SOS,,ConfW,ConfL,,HomeW,HomeL,,AwayW,AwayL,,TeamPoints,OppPoints,,MP,FG,FGA,FG%,3P,3PA,3P%,FT,FTA,FT%,ORB,TRB,AST,STL,BLK,TOV,PF
,,,,,,,,,,,,,,,,,,,,,,,,,,,,,,,,,,,,,
1,Abilene Christian,36,25,11,0.694,2.26,-2.09,,11,7,,14,3,,6,6,,2761,2432,,1460,946,2158,0.438,247,773,0.32,622,825,0.754,376,1155,538,391,67,453,801
2,Air Force,29,11,18,0.379,-5.68,1.32,,4,13,,7,6,,2,10,,1712,1915,,1160,627,1437,0.436,208,625,0.333,250,385,0.649,172,770,362,158,88,395,523
3,Akron NCAA,34,24,10,0.706,0.94,-3.9,,14,6,,12,3,,8,4,,2402,2130,,1365,827,1799,0.46,265,748,0.354,483,701,0.689,334,1188,396,199,110,388,536
4,Alabama A&M,30,12,18,0.4,-14.42,-8.85,,10,8,,7,3,,4,14,,1843,2010,,1220,656,1733,0.379,117,431,0.271,414,581,0.713,334,1134,285,211,96,407,483
5,UAB NCAA,35,27,8,0.771,10.9,-0.13,,14,4,,16,2,,7,4,,2811,2336,,1415,1035,2212,0.468,276,734,0.376,465,629,0.739,424,1339,453,334,146,402,579
6,Alabama State,31,10,21,0.323,-12.05,-5.45,,8,10,,7,6,,3,15,,2160,2332,,1250,751,1762,0.426,193,581,0.332,465,666,0.698,326,1062,373,234,111,477,561
7,Alabama NCAA,33,19,14,0.576,14.61,11.58,,9,9,,13,3,,3,7,,2623,2523,,1325,911,2072,0.44,305,987,0.309,496,681,0.728,443,1306,484,233,155,480,609
8,Albany (NY),31,13,18,0.419,-9.78,-5.75,,9,9,,4,8,,8,9,,1917,2042,,1245,714,1741,0.41,182,563,0.323,307,436,0.704,281,992,292,209,76,383,558
9,Alcorn State,34,17,17,0.5,-8.67,-4.11,,14,4,,6,3,,9,13,,2262,2417,,1370,817,1983,0.412,183,578,0.317,445,643,0.692,400,1219,352,253,92,478,604
10,American,32,10,22,0.313,-15.34,-7.87,,5,13,,6,5,,4,16,,2031,2270,,1290,781,1737,0.45,161,487,0.331,308,444,0.694,223,981,390,209,98,427,477
11,Appalachian State,34,19,15,0.559,-1.42,-1.42,,12,6,,11,5,,6,7,,2281,2146,,1365,822,1966,0.418,283,846,0.335,354,537,0.659,335,1199,427,191,85,350,437
12,Arizona State,31,14,17,0.452,7.73,9.57,,10,10,,9,6,,5,7,,2027,2084,,1260,775,1873,0.414,214,697,0.307,263,398,0.661,292,1102,414,207,131,370,562
13,Arizona NCAA,37,33,4,0.892,22.83,6.91,,18,2,,17,0,,9,3,,3107,2518,,1490,1117,2269,0.492,287,815,0.352,586,793,0.739,429,1531,726,249,210,497,619
14,Little Rock,28,9,19,0.321,-12.02,-0.7,,3,11,,6,7,,1,10,,1868,2047,,1140,651,1544,0.422,197,585,0.337,369,502,0.735,233,881,364,194,60,387,468
15,Arkansas-Pine Bluff,31,7,24,0.226,-18.96,-4.58,,5,13,,5,7,,2,17,,2055,2426,,1245,708,1732,0.409,212,705,0.301,427,597,0.715,272,914,355,222,80,406,540
16,Arkansas State,29,18,11,0.621,-3.25,-3.48,,8,7,,11,3,,6,7,,2055,1974,,1165,745,1653,0.451,157,505,0.311,408,548,0.745,294,1044,452,229,96,403,482
17,Arkansas NCAA,37,28,9,0.757,16.23,8.58,,13,5,,17,1,,5,4,,2810,2527,,1490,972,2241,0.434,233,767,0.304,633,833,0.76,399,1399,512,281,153,452,624
18,Army,31,15,16,0.484,-10.49,-7.49,,9,9,,10,4,,4,12,,2183,2182,,1250,804,1839,0.437,209,652,0.321,366,581,0.63,344,1154,389,243,58,408,460
19,Auburn NCAA,34,28,6,0.824,19.18,8.15,,15,3,,16,0,,8,3,,2660,2285,,1380,943,2166,0.435,274,862,0.318,500,684,0.731,435,1375,501,284,272,411,629
20,Austin Peay,29,12,17,0.414,-10.01,-3.38,,8,10,,6,5,,6,11,,1875,2004,,1175,669,1639,0.408,229,726,0.315,308,436,0.706,306,952,392,186,59,405,483
21,Ball State,31,14,17,0.452,-7.96,-4.53,,9,10,,9,5,,4,9,,2304,2380,,1245,788,1783,0.442,265,735,0.361,463,667,0.694,301,1105,408,188,75,433,555
22,Baylor NCAA,34,27,7,0.794,21.65,8.68,,14,4,,15,2,,8,3,,2619,2178,,1370,962,2083,0.462,274,799,0.343,421,604,0.697,437,1264,542,298,117,421,548
23,Bellarmine,33,20,13,0.606,-3.75,-1.27,,11,5,,11,4,,8,8,,2314,2217,,1325,878,1847,0.475,257,755,0.34,301,400,0.753,240,1001,478,185,55,312,473
24,Belmont,33,25,8,0.758,6.51,-2.55,,15,3,,13,1,,10,5,,2583,2264,,1330,957,1960,0.488,282,850,0.332,387,521,0.743,256,1104,595,299,129,390,452
25,Bethune-Cookman,30,9,21,0.3,-14.68,-6.68,,7,11,,4,6,,4,13,,1901,2086,,1210,710,1705,0.416,144,429,0.336,337,489,0.689,300,977,322,238,73,401,514
26,Binghamton,29,12,17,0.414,-10.37,-6.15,,8,10,,5,8,,7,9,,1962,1983,,1165,746,1692,0.441,213,602,0.354,257,389,0.661,276,1045,334,164,106,366,484
27,Boise State NCAA,35,27,8,0.771,11.91,5.21,,15,3,,13,3,,9,3,,2389,2130,,1415,849,1910,0.445,257,742,0.346,434,668,0.65,358,1219,399,210,120,422,526
28,Boston College,33,13,20,0.394,4.07,5.25,,6,14,,9,7,,2,10,,2209,2248,,1340,812,1897,0.428,190,614,0.309,395,561,0.704,352,1130,408,237,97,393,514
29,Boston University,35,22,13,0.629,-5.04,-7.3,,11,7,,11,4,,8,8,,2470,2369,,1415,893,1967,0.454,263,743,0.354,421,570,0.739,356,1218,384,197,85,424,545
30,Bowling Green State,31,13,18,0.419,-8.78,-4.4,,6,14,,9,7,,3,10,,2488,2495,,1250,881,2024,0.435,255,751,0.34,471,637,0.739,376,1202,390,227,106,381,550
31,Bradley,31,17,14,0.548,5.81,1.21,,11,7,,12,2,,3,8,,2185,2021,,1245,799,1800,0.444,241,714,0.338,346,502,0.689,346,1202,419,197,142,420,527
32,Brigham Young,35,24,11,0.686,10.09,5.27,,9,6,,14,3,,6,5,,2599,2392,,1410,960,2101,0.457,280,793,0.353,399,556,0.718,374,1376,513,168,111,441,619
33,Brown,29,13,16,0.448,-3.29,-1.88,,5,9,,6,7,,6,7,,2058,2015,,1160,739,1698,0.435,209,668,0.313,371,523,0.709,304,1029,354,194,112,381,520
34,Bryant NCAA,32,22,10,0.688,-4.76,-7.37,,15,2,,14,1,,7,7,,2497,2348,,1290,879,2013,0.437,264,868,0.304,475,649,0.732,404,1322,444,207,143,444,544
35,Bucknell,32,9,23,0.281,-14.58,-6.33,,5,13,,7,6,,2,15,,2277,2541,,1310,818,1790,0.457,253,673,0.376,388,507,0.765,218,1014,471,148,100,431,490
36,Buffalo,30,19,11,0.633,1.93,-3.18,,13,6,,9,3,,9,6,,2398,2168,,1200,891,1957,0.455,255,746,0.342,361,509,0.709,425,1273,451,214,137,396,513
37,Butler,33,14,19,0.424,4.49,9.2,,6,14,,9,7,,3,8,,2107,2209,,1335,749,1799,0.416,229,751,0.305,380,546,0.696,298,1083,363,171,80,395,550
38,Cal Poly,28,7,21,0.25,-10.57,-3.28,,4,12,,4,7,,2,12,,1721,1885,,1135,593,1450,0.409,147,507,0.29,388,533,0.728,259,979,295,132,68,412,543
39,Cal State Bakersfield,28,9,19,0.321,-7.53,-1.97,,2,14,,6,7,,2,11,,1816,1857,,1120,682,1613,0.423,107,372,0.288,345,489,0.706,334,981,279,173,67,327,577
40,Cal State Fullerton NCAA,32,21,11,0.656,-0.01,-2.24,,12,5,,11,2,,7,7,,2239,2129,,1280,792,1781,0.445,176,535,0.329,479,625,0.766,312,1070,360,233,63,388,506
41,Cal State Northridge,30,7,23,0.233,-11.99,-1.39,,3,15,,4,11,,3,11,,1847,2137,,1215,678,1684,0.403,154,508,0.303,337,494,0.682,295,952,275,216,76,368,560
42,California Baptist,34,18,16,0.529,-3.51,-3.32,,7,11,,14,5,,3,9,,2402,2284,,1365,831,1900,0.437,272,817,0.333,468,695,0.673,340,1260,541,176,93,473,626
43,UC Davis,24,13,11,0.542,-3.66,-4.25,,6,6,,7,5,,5,4,,1628,1593,,965,601,1366,0.44,146,438,0.333,280,397,0.705,213,823,272,144,69,300,443
44,UC Irvine,25,15,10,0.6,1.61,-0.92,,10,5,,9,1,,6,7,,1656,1507,,1000,609,1377,0.442,126,388,0.325,312,408,0.765,250,908,273,150,89,338,450
45,UC Riverside,28,16,12,0.571,-0.89,-1.86,,10,7,,10,4,,6,7,,1865,1784,,1135,683,1544,0.442,201,628,0.32,298,414,0.72,221,995,373,147,37,345,449
46,UC San Diego,29,13,16,0.448,-7,-3.75,,7,11,,9,4,,4,11,,2036,2046,,1165,697,1571,0.444,265,716,0.37,377,504,0.748,172,886,395,167,53,364,424
47,UC Santa Barbara,28,17,11,0.607,1.43,-4.34,,9,6,,11,3,,5,7,,2066,1841,,1145,755,1527,0.494,152,458,0.332,404,571,0.708,254,977,438,175,82,371,483
48,California,32,12,20,0.375,4.07,7.07,,5,15,,10,8,,2,9,,2018,2114,,1290,756,1798,0.42,175,569,0.308,331,455,0.727,279,1121,342,156,83,359,529
49,Campbell,29,16,13,0.552,-4.81,-5.73,,8,8,,9,4,,5,8,,1919,1798,,1170,721,1567,0.46,184,578,0.318,293,431,0.68,201,924,404,180,66,303,401
50,Canisius,32,11,21,0.344,-7.38,-2.16,,7,13,,10,5,,1,15,,2192,2288,,1290,777,1942,0.4,236,771,0.306,402,580,0.693,355,1133,416,193,83,378,550
51,Central Arkansas,31,11,20,0.355,-13.84,-1.7,,7,9,,8,4,,3,14,,2269,2515,,1250,862,1960,0.44,207,689,0.3,338,444,0.761,313,1099,444,211,99,424,518
52,Central Connecticut State,32,8,24,0.25,-17.39,-7.05,,4,13,,4,7,,4,15,,1977,2308,,1295,690,1755,0.393,235,688,0.342,362,511,0.708,296,1020,340,199,70,441,515
53,Central Florida,30,18,12,0.6,6.26,4.66,,9,9,,13,3,,4,8,,2095,2047,,1205,740,1748,0.423,264,754,0.35,351,499,0.703,332,1057,435,210,110,391,471
54,Central Michigan,30,7,23,0.233,-12.54,-1.5,,6,12,,2,9,,5,11,,1978,2309,,1205,694,1696,0.409,232,680,0.341,358,517,0.692,276,996,345,188,91,407,597
55,Charleston Southern,31,6,25,0.194,-17.54,-4.18,,1,15,,4,9,,1,13,,2122,2356,,1245,745,1828,0.408,256,830,0.308,376,556,0.676,325,1121,371,203,93,454,502
56,Charlotte,31,17,14,0.548,-1.59,-0.4,,10,8,,11,4,,6,6,,2171,2208,,1240,781,1698,0.46,233,675,0.345,376,475,0.792,220,969,433,149,90,356,436
57,Chattanooga NCAA,35,27,8,0.771,6.14,-0.92,,14,4,,12,3,,12,4,,2596,2253,,1410,956,2059,0.464,276,800,0.345,408,547,0.746,378,1264,449,252,75,384,547
58,Chicago State,32,7,25,0.219,-14.22,-1.94,,3,15,,5,9,,2,15,,1987,2380,,1280,700,1791,0.391,243,784,0.31,344,526,0.654,367,1067,303,175,72,474,629
59,Cincinnati,33,18,15,0.545,7.46,4.3,,7,11,,12,6,,4,7,,2291,2176,,1320,812,2012,0.404,269,853,0.315,398,595,0.669,379,1226,433,208,127,346,577
60,The Citadel,31,13,18,0.419,-6.77,-1.94,,6,12,,7,8,,5,9,,2381,2382,,1265,838,1884,0.445,332,938,0.354,373,555,0.672,289,1157,500,146,111,377,475
61,Clemson,33,17,16,0.515,9.62,6.35,,8,12,,11,5,,3,8,,2367,2259,,1330,851,1868,0.456,256,706,0.363,409,556,0.736,281,1143,470,195,77,364,521
62,Cleveland State,31,20,11,0.645,-1.76,-5.62,,15,6,,15,3,,5,7,,2336,2168,,1265,853,1783,0.478,197,602,0.327,433,645,0.671,345,1091,513,268,104,420,566
63,Coastal Carolina,31,18,13,0.581,0.79,-2.88,,8,8,,13,6,,4,5,,2261,2003,,1250,819,1816,0.451,229,641,0.357,394,568,0.694,380,1247,421,208,115,411,444
64,Colgate NCAA,35,23,12,0.657,1.02,-6.33,,16,2,,15,1,,8,10,,2646,2349,,1405,964,2034,0.474,347,858,0.404,371,532,0.697,309,1266,598,214,126,397,507
65,College of Charleston,32,17,15,0.531,0.53,-1.23,,8,10,,9,6,,7,8,,2502,2446,,1290,895,2039,0.439,260,766,0.339,452,619,0.73,440,1291,422,255,88,500,658
66,Colorado State NCAA,31,25,6,0.806,11.49,4.75,,14,4,,14,1,,6,3,,2275,2047,,1250,821,1710,0.48,241,675,0.357,392,507,0.773,208,982,442,198,95,313,466
67,Colorado,33,21,12,0.636,9.91,6.25,,12,8,,12,6,,6,4,,2345,2224,,1330,817,1847,0.442,227,620,0.366,484,640,0.756,329,1223,441,181,105,447,516
68,Columbia,26,4,22,0.154,-17.45,-4.57,,1,13,,3,10,,1,12,,1752,2049,,1045,651,1530,0.425,198,556,0.356,252,402,0.627,264,918,313,154,53,396,434
69,Connecticut NCAA,33,23,10,0.697,16.46,6.95,,13,6,,14,2,,5,5,,2469,2155,,1345,880,2021,0.435,245,697,0.352,464,616,0.753,455,1333,463,196,212,388,554
70,Coppin State,32,9,23,0.281,-12.74,-4.99,,6,8,,3,6,,4,16,,2142,2390,,1280,715,1851,0.386,274,924,0.297,438,640,0.684,250,1094,353,258,96,461,539
71,Cornell,26,15,11,0.577,-3.37,-3.41,,7,7,,10,2,,5,8,,2059,1941,,1045,735,1575,0.467,251,721,0.348,338,478,0.707,258,985,450,206,76,370,486
72,Creighton NCAA,35,23,12,0.657,11.38,8.58,,12,7,,11,4,,6,5,,2422,2324,,1415,896,2002,0.448,235,763,0.308,395,535,0.738,336,1335,466,192,149,492,476
73,Dartmouth,25,9,16,0.36,-4.07,-2.57,,6,8,,5,5,,4,11,,1709,1705,,1015,608,1459,0.417,222,655,0.339,271,351,0.772,210,827,261,166,84,288,403
74,Davidson NCAA,34,27,7,0.794,10.47,1.95,,15,3,,13,1,,9,3,,2567,2244,,1365,908,1887,0.481,301,778,0.387,450,597,0.754,251,1161,498,157,88,333,504
75,Dayton,35,24,11,0.686,10.43,2.43,,14,4,,13,4,,7,6,,2423,2143,,1405,901,1883,0.478,229,635,0.361,392,574,0.683,322,1232,504,194,135,433,488
76,Delaware State,28,2,26,0.071,-22.6,-7.36,,0,14,,2,11,,0,13,,1757,2058,,1125,633,1567,0.404,169,520,0.325,322,479,0.672,278,987,271,203,112,489,504
77,Delaware NCAA,35,22,13,0.629,0.36,-1.78,,10,8,,9,5,,8,5,,2568,2456,,1410,909,1940,0.469,261,752,0.347,489,657,0.744,298,1138,440,233,129,440,547
78,Denver,32,11,21,0.344,-10.11,-5.94,,7,11,,6,7,,4,12,,2257,2380,,1295,816,1773,0.46,232,631,0.368,393,564,0.697,241,1032,394,167,107,414,557
79,DePaul,31,15,16,0.484,7.89,6.79,,6,14,,11,7,,4,8,,2272,2238,,1245,816,1883,0.433,204,644,0.317,436,629,0.693,367,1194,354,193,155,380,488
80,Detroit Mercy,30,14,16,0.467,-6.32,-5.01,,10,7,,9,1,,5,15,,2122,2115,,1200,752,1715,0.438,313,837,0.374,305,393,0.776,278,948,362,176,58,348,463
81,Dixie State,31,13,18,0.419,-8.48,-0.48,,6,12,,10,6,,3,11,,2247,2296,,1245,795,1866,0.426,219,698,0.314,438,645,0.679,333,1193,479,208,75,466,584
82,Drake,36,25,11,0.694,7.36,1.07,,13,5,,14,3,,8,2,,2660,2391,,1470,979,2126,0.46,253,736,0.344,449,595,0.755,356,1249,427,252,115,389,611
83,Drexel,29,15,14,0.517,-0.26,-1.87,,10,8,,8,4,,6,7,,2112,2038,,1170,796,1718,0.463,211,609,0.346,309,435,0.71,247,993,362,138,87,316,440
84,Duke NCAA,38,32,6,0.842,19.78,7.07,,16,4,,15,3,,9,2,,3045,2562,,1525,1128,2285,0.494,303,819,0.37,486,655,0.742,395,1439,630,242,215,396,514
85,Duquesne,30,6,24,0.2,-6.29,1.91,,1,16,,3,11,,1,10,,1956,2202,,1220,742,1842,0.403,187,614,0.305,285,403,0.707,342,1024,300,199,131,344,416
86,East Carolina,30,15,15,0.5,0.51,2.68,,6,11,,12,4,,2,7,,2063,2128,,1210,700,1724,0.406,225,676,0.333,436,578,0.754,299,1056,442,203,92,389,487
87,East Tennessee State,32,15,17,0.469,-2.74,-0.34,,7,11,,8,6,,4,10,,2306,2336,,1285,853,1921,0.444,281,802,0.35,319,440,0.725,350,1115,420,216,89,360,475
88,Eastern Illinois,31,5,26,0.161,-21.05,-3.95,,3,15,,4,9,,1,16,,1746,2205,,1240,623,1567,0.398,185,568,0.326,315,494,0.638,220,912,367,196,93,496,451
89,Eastern Kentucky,31,13,18,0.419,-6.73,-5.36,,5,11,,12,5,,1,13,,2457,2327,,1265,887,2125,0.417,363,1029,0.353,320,453,0.706,386,1122,485,316,113,359,513
90,Eastern Michigan,31,10,21,0.323,-10.83,-3,,5,15,,8,7,,2,14,,2143,2356,,1270,782,1816,0.431,196,636,0.308,383,551,0.695,258,1079,314,181,99,429,542
91,Eastern Washington,34,18,16,0.529,-5.11,-5.05,,11,9,,9,3,,8,11,,2613,2536,,1370,905,1998,0.453,300,856,0.35,501,666,0.752,309,1247,537,189,94,451,631
92,Elon,32,10,22,0.313,-6.14,1.39,,7,11,,7,7,,3,11,,2147,2311,,1280,766,1800,0.426,273,798,0.342,342,464,0.737,284,1061,401,155,78,417,651
93,Evansville,30,6,24,0.2,-10.93,1.42,,2,16,,4,9,,2,11,,1775,2122,,1225,629,1581,0.398,245,743,0.33,272,384,0.708,144,816,316,178,61,336,440
94,Fairfield,33,15,18,0.455,-3.79,-4.01,,8,12,,6,9,,8,8,,2239,2177,,1335,820,1891,0.434,251,739,0.34,348,494,0.704,313,1141,394,179,101,364,526
95,Fairleigh Dickinson,26,4,22,0.154,-18.09,-6.16,,4,11,,3,6,,1,16,,1748,2058,,1050,632,1555,0.406,178,550,0.324,306,432,0.708,268,860,307,168,77,357,475
96,Florida A&M,30,13,17,0.433,-12.03,-6.67,,11,7,,8,4,,5,12,,1952,2064,,1210,733,1711,0.428,137,453,0.302,349,495,0.705,269,978,360,188,92,375,532
97,Florida Atlantic,34,19,15,0.559,2.66,-1.79,,11,7,,14,5,,4,8,,2519,2315,,1365,907,2004,0.453,299,850,0.352,406,570,0.712,372,1234,454,251,97,437,575
98,Florida Gulf Coast,34,22,12,0.647,-3.04,-4.89,,10,6,,16,3,,6,9,,2641,2505,,1390,944,2081,0.454,347,992,0.35,406,601,0.676,380,1319,534,227,164,458,504
99,Florida International,32,15,17,0.469,-6.46,-3.26,,5,13,,11,5,,1,11,,2264,2274,,1305,813,1892,0.43,308,880,0.35,330,470,0.702,307,1121,443,205,128,447,494
100,Florida State,31,17,14,0.548,6.43,7.37,,10,10,,11,4,,4,8,,2201,2230,,1250,799,1842,0.434,208,628,0.331,395,558,0.708,352,1081,445,264,151,387,506
101,Florida,34,20,14,0.588,11.89,7.81,,9,9,,13,5,,4,7,,2400,2261,,1370,825,1936,0.426,269,887,0.303,481,654,0.735,377,1144,435,284,171,422,543
102,Fordham,32,16,16,0.5,-0.84,-0.15,,8,10,,10,4,,3,9,,2115,2137,,1300,737,1870,0.394,237,799,0.297,404,556,0.727,327,1179,379,234,119,421,565
103,Fresno State,34,21,13,0.618,7.99,2.08,,8,9,,13,4,,5,8,,2232,2017,,1385,797,1803,0.442,227,701,0.324,411,572,0.719,304,1153,401,206,90,381,523
104,Furman,34,22,12,0.647,6.2,-1.43,,12,6,,12,3,,8,8,,2640,2336,,1390,945,2038,0.464,401,1054,0.38,349,461,0.757,316,1126,591,281,119,357,496
105,Gardner-Webb,31,18,13,0.581,-2.33,-4.4,,11,5,,11,3,,6,9,,2154,1989,,1240,784,1767,0.444,230,699,0.329,356,508,0.701,273,1143,409,225,147,416,567
106,George Mason,30,14,16,0.467,4.19,1.99,,7,9,,10,4,,4,8,,2122,2056,,1225,751,1685,0.446,280,783,0.358,340,490,0.694,248,1042,424,152,95,367,480
107,George Washington,30,12,18,0.4,-4.03,0.44,,8,9,,8,5,,3,10,,2051,2185,,1215,758,1769,0.428,214,634,0.338,321,460,0.698,249,998,368,207,125,379,512
108,Georgetown,31,6,25,0.194,1.77,8.09,,0,19,,6,11,,0,11,,2192,2388,,1240,770,1924,0.4,237,693,0.342,415,558,0.744,394,1155,366,222,119,414,502
109,Georgia Southern,29,13,16,0.448,-7,-3,,5,11,,7,5,,4,10,,1927,1903,,1170,714,1599,0.447,170,559,0.304,329,484,0.68,283,1006,347,216,100,415,509
110,Georgia State NCAA,29,18,11,0.621,-1.07,-1.31,,9,5,,8,4,,6,5,,2049,1906,,1175,722,1806,0.4,221,670,0.33,384,533,0.72,385,1084,391,255,130,339,466
111,Georgia Tech,32,12,20,0.375,2.26,6.1,,5,15,,8,10,,3,8,,2195,2264,,1300,823,1866,0.441,228,646,0.353,321,460,0.698,284,1088,438,249,82,419,576
112,Georgia,32,6,26,0.188,-0.67,8.02,,1,17,,6,13,,0,10,,2234,2512,,1280,763,1725,0.442,205,638,0.321,503,673,0.747,269,1046,444,167,69,462,481
113,Gonzaga NCAA,32,28,4,0.875,25.49,4.52,,13,1,,16,0,,5,1,,2790,2119,,1280,1045,2004,0.521,262,708,0.37,438,614,0.713,309,1341,578,205,186,370,497
114,Grambling,32,12,20,0.375,-12.35,-5.08,,8,9,,6,4,,4,14,,2092,2273,,1280,749,1842,0.407,163,517,0.315,431,607,0.71,333,1145,350,211,107,455,585
115,Grand Canyon,31,23,8,0.742,5.83,-2.56,,12,5,,15,2,,6,5,,2204,1898,,1240,784,1822,0.43,253,720,0.351,383,564,0.679,394,1249,396,206,68,403,550
116,Green Bay,30,5,25,0.167,-13.88,-5.43,,4,16,,4,9,,1,13,,1852,2068,,1200,668,1593,0.419,156,553,0.282,360,504,0.714,268,901,322,149,83,387,462
117,Hampton,28,9,19,0.321,-13.52,-5.98,,5,11,,7,4,,2,11,,1814,1946,,1130,628,1572,0.399,161,549,0.293,397,567,0.7,234,965,292,145,113,352,515
118,Hartford,32,12,20,0.375,-10,-7.66,,9,9,,7,5,,5,13,,2234,2309,,1285,799,1778,0.449,297,804,0.369,339,491,0.69,248,1037,390,193,101,390,479
119,Harvard,26,13,13,0.5,-4.63,-4.15,,5,9,,9,6,,4,7,,1858,1797,,1055,676,1564,0.432,221,669,0.33,285,411,0.693,243,903,295,198,63,321,409
120,Hawaii,28,17,11,0.607,-0.49,-3.03,,12,5,,10,4,,5,5,,1928,1796,,1120,667,1514,0.441,228,636,0.358,366,492,0.744,258,985,344,99,60,365,471
121,High Point,32,14,18,0.438,-6.51,-3.37,,7,9,,10,6,,3,10,,2225,2232,,1315,808,1829,0.442,208,621,0.335,401,627,0.64,322,1142,400,207,149,427,555
122,Hofstra,32,21,11,0.656,1.82,-0.58,,13,5,,12,2,,8,8,,2494,2333,,1290,928,2004,0.463,305,896,0.34,333,418,0.797,263,1062,495,255,87,330,478
123,Holy Cross,31,9,22,0.29,-16.8,-7.83,,7,11,,5,9,,4,11,,2022,2192,,1240,742,1793,0.414,181,527,0.343,357,504,0.708,310,1048,315,184,118,386,523
124,Houston Baptist,29,11,18,0.379,-14.51,-6.75,,6,8,,7,6,,3,8,,2190,2220,,1180,762,1711,0.445,200,621,0.322,466,655,0.711,331,1049,390,229,74,438,550
125,Houston NCAA,38,32,6,0.842,22.57,6.49,,15,3,,16,1,,7,3,,2844,2233,,1535,1054,2267,0.465,298,881,0.338,438,657,0.667,506,1482,617,305,196,423,652
126,Howard,29,16,13,0.552,-6.71,-8.48,,9,5,,9,4,,5,8,,2215,2019,,1165,759,1728,0.439,245,683,0.359,452,607,0.745,295,998,418,243,104,428,524
127,Idaho State,30,7,23,0.233,-14.86,-5.18,,5,15,,5,8,,2,14,,1931,2146,,1205,673,1608,0.419,212,684,0.31,373,545,0.684,296,982,313,136,66,414,545
128,Idaho,31,9,22,0.29,-13.09,-4.67,,6,14,,8,7,,1,12,,2263,2468,,1250,780,1765,0.442,248,667,0.372,455,619,0.735,254,1060,370,110,69,422,607
129,Illinois-Chicago,30,14,16,0.467,-8.77,-6.35,,9,10,,6,6,,8,8,,2159,2188,,1215,798,1815,0.44,271,836,0.324,292,414,0.705,261,1002,441,173,119,360,515
130,Illinois State,33,13,20,0.394,-0.76,0.76,,5,13,,11,6,,1,11,,2447,2466,,1355,869,1926,0.451,259,705,0.367,450,604,0.745,321,1164,406,224,156,454,573
131,Illinois NCAA,33,23,10,0.697,16.71,9.5,,15,5,,13,3,,7,4,,2456,2218,,1330,863,1925,0.448,295,821,0.359,435,616,0.706,379,1271,501,171,99,408,538
132,Incarnate Word,32,7,25,0.219,-17.04,-4.35,,3,11,,5,10,,1,11,,2145,2445,,1280,737,1773,0.416,276,794,0.348,395,504,0.784,254,949,370,166,57,433,556
133,Indiana State,31,11,20,0.355,-3.47,1.96,,4,14,,8,6,,2,11,,2184,2230,,1265,776,1759,0.441,270,810,0.333,362,465,0.778,192,1055,406,186,60,408,472
134,Indiana NCAA,35,21,14,0.6,12.73,8.1,,9,11,,14,4,,3,8,,2478,2316,,1415,903,1988,0.454,206,619,0.333,466,666,0.7,318,1264,511,197,169,414,609
135,Iona,33,25,8,0.758,5.53,-1.08,,17,3,,13,0,,7,5,,2482,2264,,1330,872,1952,0.447,234,704,0.332,504,727,0.693,377,1220,532,216,198,418,601
136,Iowa State NCAA,35,22,13,0.629,12.31,9.26,,7,11,,14,5,,4,6,,2296,2189,,1410,849,1969,0.431,234,742,0.315,364,533,0.683,337,1134,513,299,109,484,639
137,Iowa NCAA,36,26,10,0.722,18.92,6.89,,12,8,,15,3,,6,6,,2995,2562,,1450,1071,2322,0.461,331,912,0.363,522,697,0.749,428,1344,577,264,156,332,583
138,Purdue-Fort Wayne,33,21,12,0.636,-5.57,-6.67,,15,6,,14,2,,6,7,,2424,2298,,1340,864,1888,0.458,311,839,0.371,385,515,0.748,248,1019,465,289,82,443,503
139,IUPUI,29,3,26,0.103,-23.6,-6.49,,1,16,,2,11,,1,13,,1521,1947,,1160,557,1467,0.38,149,511,0.292,258,387,0.667,300,913,303,166,74,481,513
140,Jackson State,30,11,19,0.367,-10.09,-5.59,,9,9,,6,3,,5,15,,1829,1964,,1205,694,1702,0.408,155,517,0.3,286,451,0.634,336,1054,325,183,117,395,512
141,Jacksonville State NCAA,32,21,11,0.656,-0.18,-3.78,,13,3,,11,4,,9,5,,2353,2151,,1285,838,1796,0.467,297,769,0.386,380,554,0.686,308,1177,458,199,92,419,459
142,Jacksonville,31,21,10,0.677,-2.04,-5.19,,11,5,,15,0,,6,10,,2081,1839,,1245,768,1706,0.45,187,539,0.347,358,506,0.708,336,1128,387,203,60,352,467
143,James Madison,29,15,14,0.517,-4.11,-1.07,,6,12,,9,6,,5,6,,2178,2123,,1175,804,1737,0.463,215,623,0.345,355,509,0.697,269,970,388,247,61,360,476
144,Kansas State,31,14,17,0.452,10.52,8.97,,6,12,,9,7,,5,7,,2139,2091,,1250,748,1780,0.42,261,754,0.346,382,526,0.726,275,1030,386,227,51,356,530
145,Kansas NCAA,37,31,6,0.838,21.58,10.93,,14,4,,16,1,,6,4,,2900,2506,,1495,1057,2215,0.477,262,738,0.355,524,721,0.727,412,1404,566,234,160,457,597
146,Kennesaw State,31,13,18,0.419,-4.49,-2.6,,7,9,,10,6,,3,12,,2319,2206,,1260,850,1836,0.463,258,706,0.365,361,545,0.662,332,1102,446,221,86,383,531
147,Kent State,34,23,11,0.676,-0.1,-3.04,,16,4,,11,4,,8,5,,2423,2217,,1360,852,1932,0.441,257,772,0.333,462,619,0.746,353,1220,423,242,117,416,616
148,Kentucky NCAA,34,26,8,0.765,20.86,7.97,,14,4,,18,0,,6,5,,2701,2263,,1370,1030,2133,0.483,207,596,0.347,434,598,0.726,441,1365,549,231,144,394,487
149,La Salle,30,11,19,0.367,-3.44,0.59,,5,13,,8,7,,2,10,,2025,2146,,1215,743,1796,0.414,229,717,0.319,310,451,0.687,325,1094,401,177,128,394,517
150,Lafayette,30,10,20,0.333,-12.55,-6.62,,7,11,,6,9,,4,11,,2034,2185,,1225,757,1750,0.433,263,802,0.328,257,376,0.684,241,958,485,188,101,331,432
151,Lamar,29,2,27,0.069,-15.85,-2.59,,0,16,,2,9,,0,18,,1778,2116,,1160,664,1654,0.401,152,508,0.299,298,433,0.688,320,1009,321,169,86,422,545
152,Lehigh,32,13,19,0.406,-10.78,-7.52,,10,8,,9,7,,4,12,,2190,2284,,1285,796,1782,0.447,260,681,0.382,338,456,0.741,222,1067,453,141,114,427,540
153,Liberty,33,22,11,0.667,1.88,-3.99,,12,4,,13,3,,6,3,,2421,2094,,1330,851,1801,0.473,341,892,0.382,378,500,0.756,234,1131,486,178,63,383,495
154,Lipscomb,33,14,19,0.424,-8.39,-3.26,,6,10,,9,6,,3,13,,2442,2536,,1320,850,1860,0.457,267,776,0.344,475,652,0.729,252,1186,502,146,89,425,444
155,Long Beach State,33,20,13,0.606,-0.61,0.39,,14,3,,11,3,,6,7,,2437,2409,,1335,841,1926,0.437,213,615,0.346,542,743,0.729,325,1166,411,232,102,437,542
156,Long Island University,30,16,14,0.533,-7.58,-7,,12,6,,12,1,,4,13,,2245,2204,,1210,812,1897,0.428,238,758,0.314,383,563,0.68,353,1182,508,231,147,408,508
157,Longwood NCAA,33,26,7,0.788,-0.33,-6.09,,15,1,,16,1,,7,5,,2499,2170,,1330,873,1932,0.452,269,712,0.378,484,667,0.726,392,1217,464,257,79,399,507
158,Louisiana,31,16,15,0.516,-2.68,-2.89,,8,9,,7,6,,6,8,,2203,2151,,1250,766,1791,0.428,228,659,0.346,443,630,0.703,369,1203,384,211,135,476,555
159,Louisiana-Monroe,31,13,18,0.419,-8.68,-2.57,,5,13,,8,7,,5,10,,2246,2304,,1255,839,1847,0.454,219,648,0.338,349,482,0.724,276,1004,466,223,85,395,521
160,Louisiana State NCAA,34,22,12,0.647,17.41,8.26,,9,9,,15,2,,3,8,,2467,2156,,1370,879,2005,0.438,220,697,0.316,489,669,0.731,411,1257,431,373,145,499,651
161,Louisiana Tech,34,24,10,0.706,5.24,0.11,,12,6,,13,3,,8,5,,2558,2312,,1360,911,2001,0.455,281,826,0.34,455,628,0.725,315,1230,465,221,73,392,497
162,Louisville,32,13,19,0.406,4.24,7.02,,6,14,,8,8,,2,10,,2154,2243,,1290,795,1882,0.422,246,795,0.309,318,472,0.674,319,1167,382,196,77,391,549
163,Loyola (IL) NCAA,33,25,8,0.758,13.42,2.95,,13,5,,12,2,,8,3,,2403,2029,,1340,855,1795,0.476,293,773,0.379,400,562,0.712,257,1119,492,229,80,404,568
164,Loyola Marymount,29,11,18,0.379,-1.9,3.28,,3,12,,6,7,,3,9,,2010,2148,,1170,718,1580,0.454,210,609,0.345,364,506,0.719,229,861,323,158,50,385,515
165,Loyola (MD),30,14,16,0.467,-8.37,-7.93,,8,10,,10,3,,3,12,,1984,1970,,1210,747,1689,0.442,207,649,0.319,283,414,0.684,246,963,448,235,80,391,460
166,Maine,29,6,23,0.207,-18.34,-5.3,,3,15,,5,9,,1,14,,1811,2063,,1160,685,1654,0.414,196,637,0.308,245,345,0.71,256,911,386,208,80,366,505
167,Manhattan,30,15,15,0.5,-7.55,-3.76,,8,12,,8,5,,4,9,,2126,2179,,1215,730,1659,0.44,169,550,0.307,497,676,0.735,304,999,346,215,100,434,540
168,Marist,30,14,16,0.467,-4.17,-4.77,,9,11,,7,6,,7,9,,2063,2045,,1215,763,1737,0.439,225,654,0.344,312,434,0.719,274,1054,269,175,101,371,467
169,Marquette NCAA,32,19,13,0.594,11.4,8.99,,11,8,,13,3,,4,7,,2369,2292,,1290,861,1915,0.45,275,800,0.344,372,502,0.741,251,1113,511,249,165,396,556
170,Marshall,33,12,21,0.364,-4.55,0.16,,4,14,,8,9,,3,11,,2442,2523,,1320,919,2107,0.436,250,830,0.301,354,502,0.705,356,1226,471,223,160,433,511
171,Maryland-Baltimore County,32,18,14,0.563,-6.03,-6.48,,11,7,,11,4,,6,10,,2359,2307,,1285,813,1832,0.444,294,778,0.378,439,560,0.784,236,1048,396,153,66,351,427
172,Maryland-Eastern Shore,27,11,16,0.407,-13.06,-7.1,,6,8,,6,4,,5,11,,1778,1792,,1090,631,1562,0.404,209,665,0.314,307,477,0.644,292,935,336,272,61,416,453
173,Maryland,32,15,17,0.469,9.36,9.14,,7,13,,10,8,,3,7,,2270,2263,,1290,790,1824,0.433,221,678,0.326,469,618,0.759,303,1126,372,204,102,366,485
174,Massachusetts-Lowell,31,15,16,0.484,-7.05,-6.62,,7,11,,8,6,,6,9,,2191,2040,,1250,831,1867,0.445,183,598,0.306,346,493,0.702,324,1113,362,227,129,386,495
175,Massachusetts,32,15,17,0.469,-0.63,1.75,,7,11,,10,5,,3,8,,2422,2498,,1295,823,1901,0.433,304,819,0.371,472,623,0.758,335,1079,437,207,83,371,546
176,McNeese State,33,11,22,0.333,-11.78,-5.06,,4,10,,6,5,,2,13,,2579,2555,,1350,933,2071,0.451,213,681,0.313,500,759,0.659,458,1336,418,257,116,536,662
177,Memphis NCAA,33,22,11,0.667,14.69,7.87,,13,5,,13,2,,5,6,,2480,2255,,1320,889,1895,0.469,205,577,0.355,497,716,0.694,413,1280,522,277,180,527,621
178,Mercer,33,16,17,0.485,-3.39,-1.13,,8,10,,10,4,,4,11,,2325,2328,,1330,828,1811,0.457,268,764,0.351,401,521,0.77,260,1087,473,203,98,408,502
179,Merrimack,30,14,16,0.467,-10.82,-6.79,,9,8,,7,7,,7,9,,1843,1931,,1210,673,1600,0.421,214,647,0.331,283,419,0.675,224,855,346,271,120,353,478
180,Miami (FL) NCAA,36,26,10,0.722,11.66,7.24,,14,6,,10,5,,10,2,,2686,2527,,1445,992,2081,0.477,254,738,0.344,448,603,0.743,264,1104,516,321,114,338,530
181,Miami (OH),32,14,18,0.438,-6.32,-4.12,,8,12,,9,8,,5,9,,2408,2351,,1290,870,1980,0.439,292,844,0.346,376,478,0.787,315,1107,440,177,101,332,512
182,Michigan State NCAA,36,23,13,0.639,13.19,9.97,,11,9,,12,3,,5,6,,2601,2485,,1440,939,2059,0.456,262,694,0.378,461,615,0.75,363,1329,565,205,181,459,609
183,Michigan NCAA,34,19,15,0.559,14.28,11.05,,11,9,,10,5,,5,7,,2470,2360,,1360,914,1957,0.467,213,628,0.339,429,575,0.746,337,1215,481,160,112,396,516
184,Middle Tennessee,37,26,11,0.703,4.52,-1.14,,13,5,,15,0,,5,9,,2771,2486,,1510,963,2140,0.45,302,914,0.33,543,718,0.756,381,1306,460,295,156,477,680
185,Milwaukee,32,10,22,0.313,-13.17,-6.3,,8,14,,6,10,,4,10,,2073,2264,,1280,762,1805,0.422,199,628,0.317,350,488,0.717,286,1149,366,157,119,423,541
186,Minnesota,30,13,17,0.433,5.95,8.15,,4,16,,8,7,,3,9,,2010,2076,,1210,744,1699,0.438,234,636,0.368,288,401,0.718,180,920,379,160,83,276,422
187,Mississippi State,34,18,16,0.529,11.81,7.57,,8,10,,14,3,,1,10,,2396,2252,,1375,860,1891,0.455,157,532,0.295,519,720,0.721,384,1234,455,269,113,447,534
188,Mississippi Valley State,28,2,26,0.071,-22.15,-6.4,,2,16,,0,11,,2,15,,1882,2323,,1145,665,1722,0.386,199,653,0.305,353,539,0.655,269,887,324,207,69,375,508
189,Mississippi,32,13,19,0.406,6.68,7.21,,4,14,,10,8,,2,7,,2180,2197,,1295,793,1824,0.435,222,680,0.326,372,523,0.711,296,1070,422,227,89,391,486
190,Kansas City,31,19,12,0.613,-5.47,-5.21,,12,6,,11,3,,8,7,,2311,2085,,1240,855,1788,0.478,225,615,0.366,376,556,0.676,209,967,410,230,86,325,625
191,Missouri State,34,23,11,0.676,8.31,1.07,,13,5,,12,4,,8,5,,2628,2342,,1370,954,1980,0.482,283,756,0.374,437,548,0.797,275,1199,413,181,113,362,522
192,Missouri,33,12,21,0.364,2.88,9.03,,5,13,,8,8,,2,10,,2160,2325,,1325,790,1854,0.426,171,609,0.281,409,556,0.736,361,1155,399,215,134,476,587
193,Monmouth,34,21,13,0.618,-0.3,-1.6,,11,9,,9,5,,10,7,,2333,2289,,1370,801,1915,0.418,216,652,0.331,515,707,0.728,355,1241,397,213,113,398,615
194,Montana State NCAA,35,27,8,0.771,-0.17,-5.44,,16,4,,13,1,,9,6,,2679,2425,,1415,923,1952,0.473,268,729,0.368,565,749,0.754,305,1230,462,183,128,450,639
195,Montana,32,18,14,0.563,-6.39,-6.11,,11,9,,14,3,,4,10,,2310,2141,,1285,794,1752,0.453,224,641,0.349,498,634,0.785,200,980,420,176,91,328,599
196,Morehead State,34,23,11,0.676,0.81,-3.42,,13,5,,12,2,,8,8,,2379,2158,,1365,868,1904,0.456,283,786,0.36,360,540,0.667,351,1246,546,199,196,458,511
197,Morgan State,28,13,15,0.464,-12.59,-8.09,,7,6,,8,3,,3,10,,2100,2025,,1125,771,1764,0.437,172,549,0.313,386,570,0.677,336,1030,414,237,96,431,551
198,Mount St. Mary's,30,14,16,0.467,-8.15,-7.15,,9,7,,8,5,,6,11,,1984,1958,,1210,750,1693,0.443,178,516,0.345,306,445,0.688,321,1050,398,171,121,388,472
199,Murray State NCAA,34,31,3,0.912,9.89,-3.04,,18,0,,15,0,,11,1,,2690,2150,,1365,978,2056,0.476,272,775,0.351,462,668,0.692,424,1328,501,266,108,389,524
200,Navy,32,21,11,0.656,-2.91,-6.32,,12,6,,9,6,,11,5,,2079,1924,,1290,770,1792,0.43,184,565,0.326,355,542,0.655,378,1194,392,226,107,412,511
201,Omaha,30,5,25,0.167,-16.97,-2.25,,4,14,,5,9,,0,15,,2088,2505,,1200,755,1751,0.431,212,597,0.355,366,501,0.731,262,984,328,144,77,410,577
202,Nebraska,32,10,22,0.313,3.02,8.27,,4,16,,7,12,,3,8,,2345,2513,,1305,832,1875,0.444,224,701,0.32,457,625,0.731,234,1059,408,230,87,402,556
203,Nevada-Las Vegas,32,18,14,0.563,7.17,4.56,,10,8,,14,4,,4,7,,2236,2099,,1280,782,1842,0.425,263,783,0.336,409,554,0.738,308,1156,442,196,90,358,571
204,Nevada,31,13,18,0.419,3.66,6.02,,6,12,,7,7,,3,9,,2249,2284,,1240,802,1786,0.449,216,648,0.333,429,573,0.749,257,1077,453,198,103,409,545
205,New Hampshire,28,15,13,0.536,-6.29,-7.17,,10,8,,10,4,,5,9,,1925,1819,,1120,706,1605,0.44,242,661,0.366,271,405,0.669,279,1004,340,130,80,254,376
206,New Mexico State NCAA,34,27,7,0.794,7.14,1.27,,13,4,,13,2,,9,3,,2464,2197,,1365,869,1913,0.454,268,812,0.33,458,652,0.702,369,1298,465,170,138,478,539
207,New Mexico,32,13,19,0.406,1.23,4.29,,5,12,,11,7,,2,9,,2376,2411,,1290,834,1920,0.434,249,724,0.344,459,612,0.75,277,1088,376,200,139,375,587
208,New Orleans,32,18,14,0.563,-7.91,-7.18,,10,4,,12,2,,3,10,,2469,2385,,1290,890,1909,0.466,132,429,0.308,557,762,0.731,303,1171,416,254,88,457,602
209,Niagara,30,14,16,0.467,-3.01,-2.9,,9,11,,7,4,,5,10,,2022,1965,,1215,737,1678,0.439,209,605,0.345,339,464,0.731,229,971,367,169,80,328,456
210,Nicholls State,33,21,12,0.636,-3.63,-5.91,,11,3,,11,1,,7,8,,2590,2352,,1330,1018,2171,0.469,269,823,0.327,285,456,0.625,390,1263,448,273,130,405,601
211,NJIT,29,11,18,0.379,-14.6,-6.13,,6,12,,6,8,,5,10,,1826,2030,,1175,656,1603,0.409,186,569,0.327,328,498,0.659,240,995,293,176,106,372,458
212,Norfolk State NCAA,31,24,7,0.774,-3.89,-9.28,,12,2,,11,0,,7,6,,2302,1997,,1240,814,1766,0.461,216,629,0.343,458,655,0.699,319,1192,386,207,111,435,547
213,North Alabama,30,9,21,0.3,-11.31,-3.2,,2,14,,6,7,,3,12,,2081,2056,,1210,752,1903,0.395,248,786,0.316,329,437,0.753,328,1084,304,205,104,357,559
214,UNC Asheville,32,17,15,0.531,-4.52,-5.28,,8,8,,9,6,,6,7,,2410,2201,,1310,831,1817,0.457,263,724,0.363,485,668,0.726,298,1085,407,208,157,393,505
215,North Carolina A&T,32,12,20,0.375,-9.89,-4.44,,6,10,,7,4,,3,13,,2167,2250,,1290,806,1899,0.424,202,647,0.312,353,540,0.654,356,1135,392,249,103,406,611
216,North Carolina Central,31,16,15,0.516,-11.37,-7.44,,8,5,,9,2,,5,11,,2256,2120,,1255,809,1801,0.449,201,606,0.332,437,654,0.668,362,1119,384,271,67,488,631
217,UNC Greensboro,32,17,15,0.531,-2.45,-1.97,,9,9,,9,5,,7,6,,2083,2079,,1295,750,1741,0.431,234,684,0.342,349,484,0.721,348,1119,386,205,51,415,491
218,NC State,32,11,21,0.344,3.78,6.38,,4,16,,7,10,,3,7,,2336,2419,,1305,824,1997,0.413,267,783,0.341,421,581,0.725,377,1115,362,225,118,321,527
219,UNC Wilmington,36,27,9,0.75,-0.63,-2.81,,15,3,,12,2,,9,5,,2596,2483,,1470,904,2130,0.424,257,771,0.333,531,715,0.743,368,1205,383,274,145,361,647
220,North Carolina NCAA,36,27,9,0.75,15.01,8.42,,15,5,,15,2,,8,3,,2819,2582,,1455,1001,2211,0.453,307,846,0.363,510,663,0.769,392,1455,551,192,137,424,520
221,North Dakota State,33,23,10,0.697,-1.57,-4.63,,13,5,,12,3,,9,6,,2469,2267,,1340,867,1878,0.462,251,701,0.358,484,636,0.761,275,1234,367,129,114,384,514
222,North Dakota,31,6,25,0.194,-16.55,-5.24,,2,16,,4,11,,1,13,,2178,2444,,1245,739,1826,0.405,278,806,0.345,422,575,0.734,310,1099,373,124,58,371,538
223,North Florida,31,11,20,0.355,-8.35,0.08,,7,9,,7,5,,4,15,,2124,2206,,1250,725,1743,0.416,296,873,0.339,378,520,0.727,282,1049,394,172,149,453,486
224,North Texas,32,25,7,0.781,8.99,1.29,,16,2,,13,3,,9,1,,2083,1783,,1290,722,1632,0.442,247,691,0.357,392,603,0.65,333,1091,351,209,89,366,507
225,Northeastern,31,9,22,0.29,-5.97,-1.17,,2,16,,6,8,,0,12,,1993,2142,,1250,709,1624,0.437,210,657,0.32,365,497,0.734,250,992,352,146,85,433,472
226,Northern Arizona,32,9,23,0.281,-13.4,-4,,5,15,,5,11,,3,11,,2161,2347,,1290,770,1845,0.417,277,773,0.358,344,518,0.664,334,1175,403,144,80,431,586
227,Northern Colorado,38,22,16,0.579,-4.43,-3.58,,13,7,,9,4,,8,9,,2962,2924,,1535,1049,2209,0.475,389,1020,0.381,475,670,0.709,288,1302,467,151,110,470,655
228,Northern Illinois,30,9,21,0.3,-10.47,-3.04,,6,14,,3,8,,6,11,,1923,2146,,1205,690,1646,0.419,175,552,0.317,368,545,0.675,254,969,337,188,82,411,612
229,Northern Iowa,32,20,12,0.625,5.81,3.46,,14,4,,10,4,,9,5,,2383,2273,,1305,823,1793,0.459,278,782,0.355,459,582,0.789,216,1044,377,184,45,356,444
230,Northern Kentucky,32,20,12,0.625,-3.17,-6.17,,14,6,,12,4,,7,7,,2237,2083,,1300,805,1877,0.429,280,811,0.345,347,486,0.714,398,1137,440,290,80,421,488
231,Northwestern State,32,9,23,0.281,-14.09,-3.23,,5,9,,6,6,,2,14,,2363,2573,,1280,895,2012,0.445,233,681,0.342,340,490,0.694,351,1146,481,203,112,446,542
232,Northwestern,31,15,16,0.484,8.93,7.13,,7,13,,10,6,,3,8,,2262,2168,,1260,824,1928,0.427,259,746,0.347,355,494,0.719,295,1100,490,201,108,303,545
233,Notre Dame NCAA,35,24,11,0.686,11.87,7.02,,15,5,,14,1,,7,5,,2540,2349,,1420,913,1973,0.463,318,834,0.381,396,526,0.753,251,1190,491,182,65,365,446
234,Oakland,32,20,12,0.625,-1.51,-4.05,,12,7,,10,3,,7,8,,2381,2194,,1285,824,1876,0.439,235,778,0.302,498,627,0.794,345,1104,428,289,77,392,437
235,Ohio State NCAA,32,20,12,0.625,14.21,9.12,,12,8,,13,3,,5,6,,2329,2166,,1290,819,1740,0.471,251,688,0.365,440,581,0.757,288,1107,400,144,152,358,525
236,Ohio,35,25,10,0.714,1.53,-4.15,,14,6,,15,2,,8,6,,2591,2378,,1400,898,2085,0.431,316,942,0.335,479,659,0.727,351,1195,441,263,91,368,505
237,Oklahoma State,30,15,15,0.5,13.18,10.48,,8,10,,10,6,,3,8,,2051,1970,,1230,754,1737,0.434,161,546,0.295,382,573,0.667,347,1113,380,256,163,453,522
238,Oklahoma,35,19,16,0.543,14.04,10.01,,7,11,,12,6,,3,8,,2417,2276,,1420,885,1859,0.476,266,767,0.347,381,510,0.747,268,1114,491,258,66,516,542
239,Old Dominion,32,13,19,0.406,-1.3,-0.07,,8,10,,10,4,,3,11,,2127,2145,,1285,786,1810,0.434,141,480,0.294,414,616,0.672,365,1194,395,205,105,381,508
240,Oral Roberts,31,19,12,0.613,-0.83,-4.47,,12,6,,10,5,,8,6,,2582,2306,,1250,937,2052,0.457,360,948,0.38,348,477,0.73,332,1247,364,171,130,307,476
241,Oregon State,31,3,28,0.097,-1.36,8.48,,1,19,,3,13,,0,12,,2117,2422,,1260,795,1795,0.443,176,552,0.319,351,495,0.709,280,955,376,185,94,389,544
242,Oregon,35,20,15,0.571,10.12,8.12,,11,9,,12,5,,6,6,,2532,2440,,1410,936,2075,0.451,249,748,0.333,411,605,0.679,367,1228,426,238,122,411,582
243,Pacific,30,8,22,0.267,-7.99,0.44,,3,11,,7,7,,0,13,,1976,2182,,1205,710,1710,0.415,182,572,0.318,374,545,0.686,242,985,343,192,77,369,496
244,Penn State,31,14,17,0.452,8.75,9.14,,7,13,,10,5,,1,10,,2003,2015,,1255,740,1712,0.432,249,729,0.342,274,373,0.735,287,1095,368,164,67,366,478
245,Pennsylvania,28,12,16,0.429,-3.88,-0.45,,9,5,,6,3,,5,10,,2017,2113,,1130,748,1677,0.446,226,675,0.335,295,405,0.728,247,966,354,154,63,330,483
246,Pepperdine,32,7,25,0.219,-7.03,3.42,,1,15,,7,9,,0,13,,2183,2480,,1290,810,1937,0.418,232,682,0.34,331,461,0.718,316,1103,473,181,75,471,572
247,Pittsburgh,32,11,21,0.344,0.48,7.01,,6,14,,8,11,,3,9,,1969,2178,,1280,675,1630,0.414,172,548,0.314,447,642,0.696,317,1083,352,172,123,435,489
248,Portland State,31,14,17,0.452,-7.59,-5.55,,10,10,,7,7,,5,9,,2280,2237,,1250,820,1905,0.43,191,640,0.298,449,605,0.742,318,1050,352,289,102,384,614
249,Portland,34,19,15,0.559,-1.67,-1.07,,7,7,,11,4,,6,9,,2524,2454,,1365,858,1963,0.437,264,754,0.35,544,688,0.791,280,1231,487,172,86,448,557
250,Prairie View,27,8,19,0.296,-10.47,-3.66,,8,8,,5,4,,3,13,,1877,2061,,1095,648,1515,0.428,171,495,0.345,410,583,0.703,297,945,309,229,83,471,573
251,Presbyterian,32,12,20,0.375,-8.46,-3.63,,4,12,,7,7,,3,12,,2170,2174,,1325,794,1881,0.422,183,677,0.27,399,592,0.674,391,1140,403,253,87,434,610
252,Princeton,30,23,7,0.767,2.7,-3.91,,12,2,,13,1,,8,4,,2395,2103,,1215,910,1866,0.488,327,846,0.387,248,388,0.639,268,1066,464,186,54,305,421
253,Providence NCAA,33,27,6,0.818,13.12,7.79,,14,3,,16,1,,7,2,,2360,2184,,1345,808,1859,0.435,243,706,0.344,501,688,0.728,348,1241,437,166,121,377,527
254,Purdue NCAA,37,29,8,0.784,19.17,8.25,,14,6,,16,1,,5,5,,2936,2532,,1495,1026,2094,0.49,315,820,0.384,569,800,0.711,412,1431,601,172,128,436,535
255,Quinnipiac,31,14,17,0.452,-5.47,-4.1,,7,13,,8,7,,4,9,,2226,2216,,1245,789,1830,0.431,276,801,0.345,372,486,0.765,306,1096,446,197,66,402,518
256,Radford,29,11,18,0.379,-9.21,-3.88,,7,9,,8,4,,3,12,,1832,1955,,1175,666,1607,0.414,201,655,0.307,299,447,0.669,294,966,316,192,44,400,519
257,Rhode Island,31,15,16,0.484,2.96,1.26,,5,12,,10,5,,3,9,,2081,2015,,1240,769,1687,0.456,166,493,0.337,377,608,0.62,299,1124,417,229,186,442,532
258,Rice,33,16,17,0.485,-2.73,-1.18,,7,11,,10,5,,4,8,,2446,2421,,1340,868,1892,0.459,297,803,0.37,413,578,0.715,292,1174,513,169,60,413,460
259,Richmond NCAA,37,24,13,0.649,7.11,4.51,,10,8,,11,4,,7,5,,2628,2532,,1490,934,2112,0.442,290,881,0.329,470,655,0.718,280,1194,536,281,87,361,513
260,Rider,33,14,19,0.424,-5.79,-3.48,,8,12,,7,6,,4,11,,2237,2286,,1335,826,1997,0.414,184,572,0.322,401,545,0.736,360,1223,420,226,81,391,565
261,Robert Morris,32,8,24,0.25,-12.48,-5.45,,5,16,,4,10,,4,14,,2220,2390,,1290,823,1777,0.463,192,567,0.339,382,503,0.759,286,1043,405,192,122,456,496
262,Rutgers NCAA,32,18,14,0.563,8.81,6.84,,12,8,,14,3,,4,9,,2192,2129,,1300,826,1856,0.445,199,587,0.339,341,487,0.7,327,1141,486,225,128,369,504
263,Sacramento State,29,11,18,0.379,-11.95,-5.25,,6,14,,5,8,,4,9,,1898,2035,,1165,696,1615,0.431,196,546,0.359,310,457,0.678,225,903,319,173,82,321,498
264,Sacred Heart,30,10,20,0.333,-13.38,-8.75,,6,10,,6,7,,4,13,,2180,2254,,1210,807,1812,0.445,242,706,0.343,324,447,0.725,337,1086,436,164,66,416,469
265,Saint Francis (PA),30,9,21,0.3,-14.53,-7.87,,5,13,,4,8,,5,13,,2058,2205,,1215,764,1808,0.423,177,562,0.315,353,545,0.648,356,1099,389,197,83,378,442
266,Saint Joseph's,30,11,19,0.367,1.05,2.52,,5,13,,9,7,,1,10,,2028,2072,,1210,747,1774,0.421,268,797,0.336,266,407,0.654,292,1128,406,148,74,406,484
267,Saint Louis,35,23,12,0.657,9.87,3.48,,12,6,,14,5,,5,6,,2666,2376,,1415,958,2090,0.458,236,640,0.369,514,674,0.763,415,1351,517,225,109,450,627
268,Saint Mary's (CA) NCAA,34,26,8,0.765,14.85,6.61,,12,3,,16,0,,6,4,,2370,2061,,1360,888,1915,0.464,246,696,0.353,348,459,0.758,293,1146,458,235,86,382,529
269,Saint Peter's NCAA,33,22,11,0.667,3.26,-0.9,,14,6,,9,4,,7,7,,2228,2056,,1330,779,1805,0.432,194,550,0.353,476,682,0.698,359,1185,407,236,163,449,651
270,Sam Houston State,33,19,14,0.576,0.09,-1.15,,13,5,,11,2,,5,8,,2272,2082,,1325,846,1984,0.426,287,837,0.343,293,484,0.605,345,1234,466,251,81,416,594
271,Samford,32,21,11,0.656,-2.99,-1.75,,10,8,,13,2,,5,8,,2390,2363,,1290,856,1921,0.446,281,836,0.336,397,544,0.73,340,1139,411,238,94,440,564
272,San Diego State NCAA,32,23,9,0.719,13.1,5.82,,13,4,,14,1,,5,5,,2093,1860,,1295,761,1761,0.432,192,542,0.354,379,548,0.692,315,1121,382,239,152,409,559
273,San Diego,31,15,16,0.484,-3.3,1.49,,7,9,,8,6,,5,8,,2041,2086,,1250,770,1797,0.428,170,508,0.335,331,463,0.715,297,1113,308,157,114,386,493
274,San Francisco NCAA,34,24,10,0.706,14.13,5.25,,10,6,,14,4,,7,2,,2630,2304,,1365,944,2064,0.457,327,934,0.35,415,598,0.694,361,1287,443,261,158,434,615
275,San Jose State,31,8,23,0.258,-7.05,3.75,,1,17,,7,9,,1,13,,1993,2242,,1245,734,1717,0.427,273,775,0.352,252,383,0.658,236,965,404,162,98,409,506
276,Santa Clara,33,21,12,0.636,9,3.64,,10,5,,14,4,,5,6,,2550,2373,,1325,950,1961,0.484,238,629,0.378,412,541,0.762,246,1172,499,197,124,381,495
277,Seattle,32,23,9,0.719,2,-4.06,,14,4,,17,2,,6,6,,2395,2132,,1285,829,1989,0.417,309,910,0.34,426,556,0.766,319,1203,436,221,116,371,657
278,Seton Hall NCAA,32,21,11,0.656,12.81,8.58,,11,8,,13,3,,6,5,,2302,2125,,1285,808,1925,0.42,234,692,0.338,452,600,0.753,387,1233,330,226,173,388,500
279,Siena,29,15,14,0.517,-6.31,-3.41,,12,8,,8,5,,7,8,,1922,2006,,1175,691,1621,0.426,196,551,0.356,344,469,0.733,240,955,291,180,116,364,464
280,South Alabama,32,21,11,0.656,0.28,-3.72,,9,7,,15,2,,4,8,,2294,2042,,1285,836,1811,0.462,215,639,0.336,407,585,0.696,310,1098,377,221,156,402,533
281,South Carolina State,31,15,16,0.484,-13,-8.36,,7,7,,8,5,,5,8,,2227,2249,,1255,797,2030,0.393,197,657,0.3,436,633,0.689,472,1296,379,206,111,458,614
282,South Carolina Upstate,32,15,17,0.469,-8.99,-4.09,,10,6,,6,7,,8,9,,2287,2341,,1290,815,1823,0.447,257,704,0.365,400,529,0.756,243,1041,438,203,106,407,612
283,South Carolina,31,18,13,0.581,7.12,8.35,,9,9,,12,4,,4,7,,2200,2178,,1245,811,1913,0.424,211,667,0.316,367,547,0.671,401,1187,435,243,157,472,602
284,South Dakota State NCAA,35,30,5,0.857,6.64,-3.73,,18,0,,14,0,,10,3,,3005,2561,,1405,1078,2069,0.521,326,733,0.445,523,690,0.758,258,1241,528,213,89,385,536
285,South Dakota,31,19,12,0.613,-4.41,-5.58,,11,7,,11,4,,6,7,,2329,2198,,1250,829,1779,0.466,221,591,0.374,450,600,0.75,272,1065,370,137,71,309,547
286,South Florida,31,8,23,0.258,-3.04,4.42,,3,15,,6,10,,2,9,,1781,2012,,1240,670,1790,0.374,138,547,0.252,303,455,0.666,350,1114,339,193,116,389,529
287,Southeast Missouri State,32,14,18,0.438,-7.17,-4.67,,8,9,,8,5,,5,10,,2418,2473,,1285,818,1871,0.437,281,816,0.344,501,684,0.732,290,1066,446,207,85,420,649
288,Southeastern Louisiana,34,19,15,0.559,-9.04,-5.78,,10,4,,10,1,,5,11,,2679,2643,,1365,911,1982,0.46,302,845,0.357,555,732,0.758,314,1118,519,270,132,486,544
289,Southern California NCAA,34,26,8,0.765,12.6,6.19,,14,6,,13,3,,9,3,,2461,2243,,1370,910,2002,0.455,230,644,0.357,411,619,0.664,399,1363,485,170,151,415,531
290,SIU Edwardsville,32,11,21,0.344,-10.35,-4.68,,5,13,,8,5,,3,13,,2161,2238,,1295,772,1848,0.418,188,646,0.291,429,621,0.691,410,1196,394,228,122,482,584
291,Southern Illinois,31,16,15,0.516,2.85,0.75,,9,9,,11,4,,4,8,,1985,1902,,1240,713,1600,0.446,239,675,0.354,320,464,0.69,218,943,372,170,65,354,473
292,Southern Methodist,33,24,9,0.727,11.16,4.46,,13,4,,17,1,,6,5,,2436,2215,,1325,827,1878,0.44,280,792,0.354,502,669,0.75,313,1246,457,207,142,407,502
293,Southern Mississippi,33,7,26,0.212,-13.56,-0.37,,1,17,,3,11,,1,14,,2126,2471,,1330,801,1866,0.429,177,565,0.313,347,504,0.688,271,1107,406,165,91,439,529
294,Southern Utah,34,23,11,0.676,-1.14,-4.89,,14,6,,13,3,,8,7,,2672,2471,,1380,943,2027,0.465,288,831,0.347,498,698,0.713,341,1280,412,206,86,431,587
295,Southern,31,17,14,0.548,-5.16,-6.89,,11,6,,9,2,,8,11,,2229,2105,,1245,791,1796,0.44,213,604,0.353,434,624,0.696,296,976,415,325,80,449,634
296,St. Bonaventure,32,23,9,0.719,8.37,4.56,,12,5,,13,2,,7,4,,2232,2110,,1285,839,1855,0.452,191,582,0.328,363,484,0.75,286,1081,433,203,153,334,425
297,St. Francis (NY),30,10,20,0.333,-13.44,-7.89,,7,11,,3,9,,7,9,,2017,2116,,1210,746,1823,0.409,210,668,0.314,315,443,0.711,338,1058,357,200,78,371,497
298,St. John's (NY),32,17,15,0.531,12.01,6.57,,8,11,,12,7,,4,7,,2547,2373,,1290,969,2137,0.453,232,692,0.335,377,557,0.677,383,1211,600,283,175,381,572
299,St. Thomas (MN),30,10,20,0.333,-11.12,-5.56,,4,14,,5,8,,3,12,,2241,2260,,1200,800,1815,0.441,334,935,0.357,307,405,0.758,186,887,377,155,38,243,511
300,Stanford,32,16,16,0.5,6.36,8.67,,8,12,,10,5,,3,9,,2124,2198,,1285,770,1780,0.433,233,688,0.339,351,533,0.659,368,1181,419,178,83,479,556
301,Stephen F. Austin,32,22,10,0.688,2.43,-1.61,,14,4,,13,3,,7,4,,2385,2190,,1285,877,1849,0.474,189,572,0.33,442,652,0.678,370,1127,481,290,130,526,630
302,Stetson,30,11,19,0.367,-10.3,-4.04,,5,11,,7,8,,4,11,,2090,2144,,1220,765,1779,0.43,255,729,0.35,305,442,0.69,316,1068,430,211,88,389,445
303,Stony Brook,31,18,13,0.581,-6.61,-5.41,,10,8,,13,4,,5,9,,2261,2267,,1245,815,1860,0.438,254,749,0.339,377,501,0.752,299,1078,346,208,90,328,443
304,Syracuse,33,16,17,0.485,10.19,7.89,,9,11,,11,5,,3,8,,2553,2477,,1345,915,2029,0.451,300,795,0.377,423,574,0.737,350,1198,482,231,124,354,470
305,Tarleton State,31,14,17,0.452,-3.18,-0.5,,9,9,,10,5,,4,12,,2002,2025,,1245,705,1683,0.419,156,511,0.305,436,578,0.754,292,946,349,237,68,378,562
306,Temple,29,17,12,0.586,4.63,4.32,,10,7,,11,3,,5,6,,1936,1927,,1170,649,1644,0.395,195,628,0.311,443,652,0.679,356,1124,342,196,135,364,533
307,Tennessee-Martin,30,8,22,0.267,-11.11,-3,,4,14,,5,8,,2,13,,2067,2206,,1200,762,1837,0.415,205,685,0.299,338,483,0.7,350,1106,353,198,131,400,543
308,Tennessee State,32,14,18,0.438,-9.32,-7.29,,8,10,,8,5,,5,11,,2282,2246,,1285,825,1852,0.445,211,603,0.35,421,589,0.715,332,1120,393,216,107,444,610
309,Tennessee Tech,32,11,21,0.344,-7.25,-3.02,,7,10,,7,7,,3,12,,2328,2357,,1290,897,1998,0.449,224,655,0.342,310,469,0.661,371,1187,512,232,119,424,464
310,Tennessee NCAA,35,27,8,0.771,20.42,9.9,,14,4,,16,0,,6,5,,2571,2203,,1410,915,2107,0.434,305,848,0.36,436,610,0.715,409,1290,576,326,150,429,592
311,Texas A&M-Corpus Christi NCAA,35,23,12,0.657,-6.81,-9.13,,7,7,,9,4,,7,6,,2682,2454,,1405,943,2130,0.443,224,666,0.336,572,776,0.737,447,1341,528,298,62,492,711
312,Texas A&M,38,26,12,0.684,12.51,7.1,,9,9,,16,4,,5,5,,2764,2514,,1540,979,2217,0.442,253,771,0.328,553,787,0.703,462,1348,520,388,130,503,665
313,UT Arlington,29,11,18,0.379,-5.48,-0.92,,7,10,,8,4,,3,13,,1948,1993,,1200,711,1696,0.419,184,587,0.313,342,488,0.701,335,1067,405,227,123,406,520
314,TCU NCAA,34,21,13,0.618,13.61,10.05,,8,10,,12,4,,4,6,,2328,2207,,1370,862,1963,0.439,188,622,0.302,416,617,0.674,442,1326,464,219,141,492,527
315,UTEP,34,20,14,0.588,0.27,-0.48,,11,7,,12,6,,7,6,,2352,2265,,1370,840,1950,0.431,259,741,0.35,413,541,0.763,275,1093,412,253,121,396,617
316,Texas-Rio Grande Valley,31,8,23,0.258,-10.16,-1.26,,3,15,,4,9,,3,12,,2212,2438,,1240,759,1722,0.441,196,644,0.304,498,717,0.695,271,1070,379,162,99,477,620
317,UTSA,32,10,22,0.313,-10.45,-1.48,,3,15,,8,10,,1,11,,2153,2313,,1285,795,2010,0.396,200,680,0.294,363,532,0.682,406,1226,366,183,81,406,525
318,Texas Southern NCAA,32,19,13,0.594,-3.31,-6.25,,13,5,,7,2,,8,10,,2209,2115,,1285,803,1854,0.433,180,573,0.314,423,623,0.679,379,1261,343,178,165,478,566
319,Texas State,29,21,8,0.724,0.17,-2.83,,12,3,,12,1,,7,6,,2043,1834,,1165,739,1598,0.462,183,489,0.374,382,508,0.752,292,973,354,188,103,358,495
320,Texas Tech NCAA,37,27,10,0.73,19.99,8.56,,12,6,,18,0,,3,7,,2667,2244,,1495,969,2055,0.472,225,700,0.321,504,722,0.698,391,1348,506,296,130,499,598
321,Texas NCAA,34,22,12,0.647,16.93,8.79,,10,8,,16,3,,4,7,,2339,2062,,1370,832,1886,0.441,225,681,0.33,450,603,0.746,353,1131,450,261,115,393,608
322,Toledo,34,26,8,0.765,6.29,-3.19,,17,3,,13,2,,9,5,,2717,2334,,1360,1017,2122,0.479,235,664,0.354,448,594,0.754,362,1357,519,188,94,348,513
323,Towson,34,25,9,0.735,6.5,-2.12,,15,3,,12,2,,11,5,,2478,2185,,1365,870,1943,0.448,265,743,0.357,473,658,0.719,399,1241,458,247,92,404,590
324,Troy,32,20,12,0.625,-3.53,-3.5,,10,6,,10,3,,8,6,,2214,2100,,1290,770,1812,0.425,240,733,0.327,434,597,0.727,357,1188,441,252,71,490,564
325,Tulane,29,14,15,0.483,6.76,5.35,,10,8,,9,4,,3,8,,2121,2080,,1175,734,1661,0.442,234,641,0.365,419,554,0.756,195,917,392,230,95,305,466
326,Tulsa,31,11,20,0.355,1.58,4.09,,4,14,,8,8,,1,10,,2089,2167,,1240,745,1717,0.434,212,619,0.342,387,533,0.726,278,1011,365,212,69,397,496
327,UCLA NCAA,35,27,8,0.771,19.39,8.44,,15,5,,14,1,,8,4,,2639,2256,,1425,967,2148,0.45,237,671,0.353,468,632,0.741,394,1281,486,244,116,313,554
328,Utah State,34,18,16,0.529,10.4,4.52,,8,10,,9,7,,4,7,,2497,2273,,1380,917,1926,0.476,265,775,0.342,398,552,0.721,286,1203,611,209,72,424,560
329,Utah Valley,32,20,12,0.625,2.4,-1.57,,10,8,,11,2,,6,9,,2279,2084,,1305,798,1758,0.454,204,551,0.37,479,671,0.714,349,1295,475,175,143,495,539
330,Utah,31,11,20,0.355,5.53,6.69,,4,16,,7,9,,2,9,,2161,2197,,1250,753,1799,0.419,237,708,0.335,418,540,0.774,326,1125,418,142,90,380,511
331,Valparaiso,32,14,18,0.438,-1.58,0.86,,6,12,,8,8,,3,8,,2264,2257,,1320,836,1820,0.459,230,692,0.332,362,477,0.759,174,1034,400,204,95,354,431
332,Vanderbilt,36,19,17,0.528,10.97,8.03,,7,11,,11,8,,5,8,,2548,2442,,1450,849,2001,0.424,310,913,0.34,540,775,0.697,347,1235,423,261,122,472,650
333,Vermont NCAA,34,28,6,0.824,7.84,-5.68,,17,1,,16,0,,10,4,,2544,2065,,1365,936,1902,0.492,298,817,0.365,374,504,0.742,248,1191,515,173,84,326,475
334,Villanova NCAA,37,30,7,0.811,19.7,10,,16,4,,12,1,,8,5,,2661,2302,,1485,900,2076,0.434,342,957,0.357,519,625,0.83,380,1293,439,226,83,367,555
335,Virginia Commonwealth,32,22,10,0.688,9.87,5.21,,14,4,,12,4,,9,3,,2146,1997,,1285,795,1723,0.461,181,521,0.347,375,533,0.704,268,1040,446,294,162,483,599
336,VMI,32,16,16,0.5,-2.45,-2.03,,9,9,,9,4,,6,9,,2529,2375,,1295,876,1907,0.459,400,1049,0.381,377,476,0.792,264,1162,511,154,87,370,477
337,Virginia Tech NCAA,36,23,13,0.639,14.49,6.49,,11,9,,11,4,,7,6,,2549,2261,,1445,933,1981,0.471,319,814,0.392,364,485,0.751,305,1152,515,192,114,391,535
338,Virginia,35,21,14,0.6,8.91,6.63,,12,8,,11,7,,7,6,,2184,2104,,1405,817,1820,0.449,176,545,0.323,374,512,0.73,300,1097,493,200,149,339,480
339,Wagner,27,21,6,0.778,-1.08,-8.97,,13,3,,12,1,,9,5,,2010,1747,,1100,747,1613,0.463,138,484,0.285,378,521,0.726,318,1006,393,226,76,338,535
340,Wake Forest,35,25,10,0.714,13.27,4.79,,13,7,,18,2,,5,6,,2749,2452,,1420,978,2026,0.483,296,860,0.344,497,681,0.73,305,1287,527,227,136,488,559
341,Washington State,36,22,14,0.611,13.08,5.85,,11,9,,13,7,,8,5,,2588,2328,,1445,889,2184,0.407,324,960,0.338,486,648,0.75,449,1336,405,233,164,399,628
342,Washington,32,17,15,0.531,5.12,6.81,,11,9,,11,6,,3,7,,2260,2314,,1295,796,1929,0.413,198,634,0.312,470,670,0.701,352,1069,326,265,132,381,532
343,Weber State,33,21,12,0.636,-1.63,-5.11,,13,7,,9,6,,8,5,,2513,2319,,1325,878,1847,0.475,236,696,0.339,521,696,0.749,217,1058,351,253,83,384,507
344,West Virginia,33,16,17,0.485,10.12,10.64,,4,14,,12,5,,1,10,,2259,2276,,1320,779,1885,0.413,208,635,0.328,493,681,0.724,355,1064,346,257,150,410,575
345,Western Carolina,32,11,21,0.344,-10.46,-1.88,,5,13,,8,5,,2,14,,2261,2472,,1295,787,1960,0.402,320,1002,0.319,367,545,0.673,367,1201,412,156,76,397,544
346,Western Illinois,32,16,16,0.5,-6.32,-5.48,,7,11,,9,6,,7,9,,2493,2470,,1300,889,2048,0.434,277,837,0.331,438,619,0.708,361,1212,365,199,81,365,558
347,Western Kentucky,32,19,13,0.594,3.31,0.25,,11,7,,13,4,,5,6,,2414,2214,,1280,881,1885,0.467,246,695,0.354,406,569,0.714,271,1132,445,271,190,388,362
348,Western Michigan,31,8,23,0.258,-13.49,-2.27,,4,16,,4,10,,2,13,,2027,2329,,1255,730,1736,0.421,262,788,0.332,305,436,0.7,283,1026,319,165,72,425,522
349,Wichita State,28,15,13,0.536,8.12,6.01,,6,9,,11,6,,3,5,,1917,1858,,1135,658,1634,0.403,211,677,0.312,390,518,0.753,333,1038,336,211,128,360,446
350,William & Mary,32,5,27,0.156,-13.88,-1.85,,4,14,,4,10,,1,14,,2044,2380,,1295,724,1799,0.402,216,702,0.308,380,539,0.705,312,1129,367,211,95,519,537
351,Winthrop,32,23,9,0.719,-1.52,-3.59,,14,2,,13,0,,7,7,,2407,2246,,1295,842,1733,0.486,276,743,0.371,447,639,0.7,264,1097,428,207,83,467,572
352,Wisconsin NCAA,33,25,8,0.758,13.14,9.17,,15,5,,12,4,,9,2,,2308,2177,,1320,815,1931,0.422,213,696,0.306,465,626,0.743,308,1156,365,175,97,287,554
353,Wofford,32,19,13,0.594,2.04,-1.53,,10,8,,11,4,,7,8,,2322,2120,,1285,818,1758,0.465,303,852,0.356,383,505,0.758,271,997,425,222,47,372,486
354,Wright State NCAA,36,22,14,0.611,-1.92,-5.09,,15,7,,12,3,,7,7,,2729,2585,,1440,987,2140,0.461,233,700,0.333,522,680,0.768,377,1255,506,212,107,440,523
355,Wyoming NCAA,34,25,9,0.735,9.34,3.58,,13,5,,14,1,,8,5,,2466,2227,,1380,853,1865,0.457,275,804,0.342,485,669,0.725,280,1212,381,133,67,385,516
356,Xavier,34,21,13,0.618,13.2,8.26,,8,11,,16,5,,4,6,,2511,2343,,1380,890,1988,0.448,227,710,0.32,504,718,0.702,347,1266,499,257,151,399,523
357,Yale NCAA,31,19,12,0.613,-0.05,-1.28,,11,3,,10,3,,6,6,,2226,2143,,1245,795,1800,0.442,212,647,0.328,424,577,0.735,278,1112,371,193,98,398,543
358,Youngstown State,34,19,15,0.559,-6.27,-7.12,,12,9,,13,7,,6,8,,2470,2374,,1365,878,1960,0.448,256,746,0.343,458,602,0.761,346,1179,403,183,87,398,593