Institution,Conference,G,RBI,AB,R,H,2B,3B,TB,HR,IBB,BB,HBP,SF,SH,K,KL,DP,GDP,TP,SB,CS,Picked,GO,FO
A&M-Corpus Christi,Southland,42,146,"1,068",170,258,57,4,377,18,1,141,17,8,27,230,67,14,8,,53,10,,300,269
Abilene Christian,WAC,46,168,"1,177",192,321,60,9,474,25,5,143,40,8,17,249,66,16,10,,38,13,,310,279
Akron,MAC,44,141,"1,122",155,270,43,5,389,22,,91,18,9,23,254,66,10,2,,26,4,,287,285
Alabama,SEC,48,242,"1,212",271,361,64,8,579,46,1,179,35,15,24,182,32,17,9,,54,14,,313,353
Alabama A&M,SWAC,34,103,895,136,225,35,5,294,8,,79,17,5,28,151,30,13,3,,49,14,,294,199
Alabama St.,SWAC,46,134,"1,184",172,314,51,9,398,5,,92,20,10,31,227,64,6,5,,96,16,,304,326
Alcorn,SWAC,41,170,"1,025",188,272,43,21,387,10,1,122,21,11,15,202,53,12,6,,63,10,,243,290
App State,Sun Belt,47,233,"1,267",253,346,53,6,558,49,1,194,28,10,14,285,59,6,3,,41,4,,301,314
Arizona,Pac-12,45,284,"1,144",300,382,49,8,669,74,1,133,22,13,18,210,57,8,4,,20,7,,247,299
Arizona St.,Pac-12,39,257,980,270,325,64,5,630,77,1,140,47,14,12,172,70,17,5,,24,6,,179,307
Ark.-Pine Bluff,SWAC,42,108,978,117,229,40,6,323,14,1,67,8,9,15,238,69,7,3,,18,9,,239,260
Arkansas,SEC,44,305,"1,141",328,388,63,3,706,83,1,153,52,15,17,181,39,17,9,,36,8,,288,281
Army West Point,Patriot,46,134,"1,202",153,291,62,5,408,15,1,80,19,11,14,225,70,12,7,,36,8,,330,326
Auburn,SEC,47,277,"1,191",315,377,70,17,715,78,1,140,28,15,17,202,46,12,7,,65,17,,264,334
Austin Peay,OVC,46,172,"1,259",198,369,47,12,533,31,2,105,24,13,13,105,23,10,4,,35,8,,404,368
Ball St.,MAC,44,203,"1,173",223,334,51,7,552,51,,120,28,11,21,249,69,10,2,,59,15,,285,296
Baylor,Big 12,45,171,"1,149",200,323,53,11,434,12,1,127,30,7,21,188,53,10,3,,66,14,,334,300
Bellarmine,ASUN,45,86,"1,088",97,226,39,1,321,18,,102,12,9,17,249,58,7,3,,27,5,,276,334
Belmont,OVC,39,210,"1,054",235,336,52,7,480,26,,115,18,9,7,187,46,10,4,,85,18,,249,252
Bethune-Cookman,SWAC,44,87,"1,099",119,255,16,1,279,2,1,86,23,8,38,185,53,6,2,,43,22,,442,210
Binghamton,America East,35,112,927,128,226,41,9,345,20,1,77,20,10,12,237,69,7,2,,36,12,,212,239
Boise St.,Mountain West,41,250,"1,142",271,352,72,9,613,57,3,130,44,11,13,193,61,19,8,,31,6,,278,302
Boston College,ACC,44,137,"1,159",148,297,61,9,457,27,,86,26,7,11,221,55,14,6,,40,7,,327,291
Boston U.,Patriot,47,244,"1,276",276,403,68,20,580,23,,123,38,19,29,197,48,9,3,,57,11,,343,326
Bowling Green,MAC,39,144,"1,017",168,264,41,4,385,24,,125,21,11,24,246,71,12,3,,49,10,,261,244
Bradley,MVC,44,181,"1,153",204,322,59,12,489,28,,106,34,17,10,265,68,15,6,,57,9,,258,286
Brown,Ivy League,38,117,976,137,221,41,6,316,14,,94,27,4,21,186,41,11,7,,41,6,,286,271
Bryant,NEC,36,115,929,126,208,37,2,291,14,,113,21,8,22,242,54,6,3,,33,6,,199,278
Bucknell,Patriot,39,57,943,70,198,33,4,254,5,,72,9,5,11,198,66,8,3,,9,1,,276,265
Buffalo,MAC,38,133,984,147,213,38,6,347,28,1,139,23,5,3,304,104,5,2,,42,6,,157,303
Butler,Big East,41,144,"1,079",164,291,36,7,416,25,,127,27,9,20,204,47,7,2,,56,19,,263,306
BYU,WCC,41,239,"1,047",264,329,63,7,538,44,,165,32,11,23,149,54,18,12,,53,7,,319,245
Cal Poly,Big West,39,149,"1,041",163,300,44,9,401,13,,88,32,6,26,130,40,18,9,,17,9,,305,290
Cal St. Fullerton,Big West,47,213,"1,286",242,384,65,4,550,31,1,101,36,10,15,247,50,14,6,,67,12,,344,283
California,Pac-12,47,217,"1,274",245,379,58,6,599,50,1,134,33,9,23,210,68,11,6,,51,13,,346,337
California Baptist,WAC,50,151,"1,238",181,298,54,9,400,10,,103,30,17,44,247,60,9,6,,51,14,,367,340
Campbell,Big South,43,120,"1,072",147,248,43,6,351,16,,120,28,13,30,229,63,13,4,,61,9,,264,344
Canisius,MAAC,39,159,"1,069",189,304,48,12,424,16,,99,17,9,16,242,65,12,4,,81,15,,275,221
Central Ark.,ASUN,45,196,"1,214",225,380,41,8,524,29,,147,9,9,23,243,61,7,2,,74,15,,331,243
Central Conn. St.,NEC,43,107,"1,067",112,236,55,5,364,21,,103,14,9,16,307,84,6,1,,11,5,,224,302
Central Mich.,MAC,42,173,"1,117",186,301,64,4,508,45,,104,16,4,24,237,70,15,7,,10,4,,273,294
Charleston So.,Big South,45,157,"1,175",174,300,54,7,461,31,,95,17,7,14,221,42,15,7,,25,8,,315,327
Charlotte,C-USA,47,236,"1,254",253,373,77,11,640,56,3,156,34,12,14,206,59,13,7,,42,10,,312,352
Chattanooga,SoCon,44,179,"1,144",198,306,61,7,492,37,,93,25,14,30,239,60,7,2,,47,6,,290,303
Clemson,ACC,48,217,"1,219",236,336,54,10,578,56,1,147,42,7,6,247,54,22,9,,62,14,,284,323
Cleveland St.,Horizon,36,124,973,149,239,47,3,343,17,,79,20,5,27,230,41,4,2,,33,11,,265,226
Coastal Carolina,Sun Belt,42,168,"1,075",177,275,48,,497,58,,105,15,7,15,237,59,17,11,,32,6,,246,312
Col. of Charleston,CAA,46,106,"1,176",119,253,40,2,345,16,,97,38,8,26,249,65,17,8,,21,8,,337,341
Colgate,Patriot,39,126,996,142,245,59,8,386,22,,87,14,7,16,197,52,18,6,,18,6,,249,285
Colorado St.,Mountain West,37,150,"1,018",169,281,44,12,406,19,,75,14,11,6,176,48,10,3,,35,6,,271,263
Columbia,Ivy League,35,106,915,120,226,36,2,323,19,2,80,23,4,14,152,38,6,1,,18,8,,245,276
Coppin St.,MEAC,39,111,973,137,231,48,8,325,10,,105,20,3,17,199,48,14,6,,15,10,,253,271
Cornell,Ivy League,31,110,814,119,194,30,4,274,14,,94,21,9,14,172,46,10,4,,15,5,,184,259
Creighton,Big East,39,165,"1,019",181,282,54,6,450,34,2,107,28,11,19,265,64,9,5,,21,7,,269,206
CSU Bakersfield,Big West,36,63,821,78,163,22,10,229,8,2,65,23,5,19,247,74,10,2,,26,9,,193,218
CSUN,Big West,45,118,"1,132",136,235,43,7,343,17,,98,43,5,41,262,58,11,5,,28,6,,341,296
Dartmouth,Ivy League,38,106,940,127,224,42,4,310,12,,87,21,5,21,214,53,8,4,,37,9,,230,269
Dayton,Atlantic 10,36,127,930,142,272,35,3,361,16,1,87,17,14,34,164,35,13,3,,53,6,,292,222
Delaware,CAA,42,210,"1,144",233,319,62,11,511,36,1,149,24,11,16,163,62,13,3,,38,13,,317,334
Delaware St.,MEAC,33,59,739,70,146,16,4,188,6,,73,19,3,11,136,41,9,4,,39,12,,252,189
DePaul,Big East,44,246,"1,191",262,348,77,12,590,47,,154,39,13,10,243,47,6,6,,32,3,,306,282
Detroit Mercy,Horizon,36,62,864,70,175,20,,237,14,,80,13,2,7,187,37,11,4,,11,4,,262,228
Dixie St.,WAC,44,196,"1,160",214,363,59,4,538,36,,120,22,12,13,213,45,15,6,,47,10,,289,287
Drake,MVC,41,179,"1,031",203,269,51,7,394,20,,158,20,11,9,205,56,10,3,,65,7,,295,248
Drexel,CAA,41,205,"1,165",228,336,53,7,505,34,1,152,20,11,18,172,49,17,12,,34,4,,301,341
Duke,ACC,43,306,"1,098",320,368,71,6,685,78,,137,48,15,17,180,48,4,1,,65,12,,219,324
East Carolina,AAC,49,191,"1,247",224,329,63,13,481,21,,153,20,13,22,276,75,24,13,,64,13,,335,309
Eastern Ill.,OVC,49,238,"1,301",257,366,69,5,574,43,,178,16,13,32,238,84,10,4,,42,14,,304,393
Eastern Ky.,ASUN,43,132,"1,055",149,235,48,3,367,26,,141,35,16,9,251,58,13,6,,55,9,,225,349
Elon,CAA,44,150,"1,105",176,269,44,8,407,26,,136,22,8,16,230,66,12,4,,57,6,,267,316
ETSU,SoCon,48,79,"1,166",105,252,31,9,313,4,,97,23,11,16,266,55,15,8,,98,35,,317,316
Evansville,MVC,44,166,"1,102",190,280,63,11,431,22,,148,20,5,8,288,68,15,8,,46,7,,256,262
Fairfield,MAAC,38,111,942,127,224,44,3,307,11,2,85,15,8,43,246,63,7,3,,49,7,,239,255
Fairleigh Dickinson,NEC,39,150,"1,021",166,278,59,1,438,33,3,106,29,8,26,195,45,14,7,,34,7,,263,274
FGCU,ASUN,44,123,"1,115",130,278,38,9,391,19,1,84,25,6,22,215,39,6,2,,27,9,,288,339
FIU,C-USA,44,106,"1,054",125,235,36,7,306,7,,110,18,9,21,192,45,13,8,,43,12,,336,284
Fla. Atlantic,C-USA,46,130,"1,127",142,260,47,16,390,17,1,106,19,15,20,283,56,4,,,40,11,,271,314
Florida,SEC,48,249,"1,275",285,400,56,17,577,29,1,155,35,23,17,202,45,15,8,,108,11,,291,392
Florida A&M,SWAC,44,126,"1,136",153,272,51,7,373,12,1,89,20,6,14,224,44,17,9,,61,15,,337,275
Florida St.,ACC,48,271,"1,269",296,377,68,10,612,49,2,201,16,20,8,197,52,12,5,,76,18,,316,368
Fordham,Atlantic 10,41,149,"1,081",157,263,27,5,426,42,,111,15,8,15,258,63,10,2,,41,4,,272,265
Fresno St.,Mountain West,45,116,"1,112",139,266,40,12,381,17,2,123,19,6,25,263,71,11,7,,45,10,,295,285
Furman,SoCon,45,141,"1,125",165,247,44,6,360,19,,129,30,12,24,251,58,12,2,,42,5,,286,332
Ga. Southern,Sun Belt,40,121,991,142,224,23,8,353,30,,97,23,6,27,209,34,8,3,,46,10,,266,289
Gardner-Webb,Big South,38,114,996,129,239,51,5,327,9,,112,22,7,2,253,68,15,3,,29,9,,248,245
George Mason,Atlantic 10,44,152,"1,123",171,308,55,6,411,12,,119,15,11,19,221,56,19,4,,55,15,,270,317
George Washington,Atlantic 10,40,184,"1,042",208,309,72,5,478,29,,116,14,9,23,129,47,15,11,1,32,11,,306,287
Georgetown,Big East,38,155,"1,007",172,266,47,3,451,44,,106,36,8,18,204,42,6,2,,12,6,,236,297
Georgia,SEC,49,326,"1,265",351,419,71,9,772,88,,172,24,17,16,206,42,18,10,,46,10,,283,357
Georgia St.,Sun Belt,44,138,"1,091",161,261,44,6,392,25,,105,39,4,18,233,47,13,5,,100,22,,286,301
Georgia Tech,ACC,48,252,"1,280",285,374,70,6,552,32,1,218,41,9,26,226,72,16,7,,62,11,,372,308
Grambling,SWAC,37,144,990,185,269,45,5,339,5,1,114,23,7,21,191,45,5,1,,85,11,,249,242
Grand Canyon,WAC,43,251,"1,151",287,387,59,12,605,45,,102,40,13,15,175,53,2,,,112,16,,248,328
Green Bay,Horizon,39,148,"1,003",167,271,47,4,431,35,,113,26,5,27,239,53,13,8,,54,11,,221,259
Hampton,Big South,49,141,"1,283",176,317,45,7,418,14,1,120,17,6,28,264,95,10,4,,67,14,,364,318
Hartford,America East,38,102,962,122,229,56,7,368,23,,67,16,9,10,219,50,11,6,,31,11,,256,244
Harvard,Ivy League,33,100,834,122,206,23,6,289,16,,97,24,8,19,179,38,7,3,,51,7,,222,222
Hawaii,Big West,33,118,846,137,210,29,2,327,28,,85,30,2,12,203,55,9,3,,28,8,,189,224
Hofstra,CAA,39,99,"1,049",131,257,35,3,328,10,,92,20,6,22,266,65,10,5,,23,4,,271,237
Holy Cross,Patriot,45,96,"1,150",117,280,47,0,360,11,1,110,14,6,31,205,51,21,11,,20,5,,366,286
Houston,AAC,48,200,"1,224",223,324,45,3,519,48,,139,31,12,24,218,46,14,5,,57,18,,319,361
Houston Baptist,Southland,38,105,991,121,239,40,9,345,16,,88,14,7,19,196,58,8,3,,19,4,,280,263
Howard,MEAC,43,199,"1,075",249,321,52,19,462,17,1,137,20,13,18,151,30,19,2,,76,19,,337,239
Idaho St.,Big Sky,43,203,"1,182",227,342,55,8,512,33,,111,37,12,22,212,67,23,11,,53,5,,306,304
Illinois,Big Ten,46,224,"1,253",243,399,86,5,579,28,,108,25,10,34,165,35,13,8,,65,19,,373,317
Illinois St.,MVC,44,154,"1,143",167,283,48,9,430,27,,125,21,8,8,273,66,7,,,25,5,,278,289
Indiana,Big Ten,42,214,"1,106",240,332,76,5,577,53,5,104,48,8,10,205,43,12,5,,97,26,,256,290
Indiana St.,MVC,45,180,"1,184",206,332,63,6,503,32,3,118,23,8,22,193,59,13,3,,41,12,,364,278
Iona,MAAC,38,107,"1,060",128,230,39,3,362,29,1,115,20,2,6,277,62,11,5,,41,17,,239,279
Iowa,Big Ten,45,164,"1,145",184,297,49,8,434,24,,118,28,11,22,193,59,18,6,,33,11,,344,300
Iowa St.,Big 12,46,229,"1,184",251,330,73,13,552,41,,154,32,17,3,259,83,7,1,,50,6,,259,321
IUPUI,Horizon,42,99,"1,053",120,233,36,6,320,13,,100,15,4,22,304,75,7,2,,36,9,,268,220
Jackson St.,SWAC,43,147,"1,080",177,277,44,19,413,18,1,111,33,14,28,208,51,13,8,,72,10,,297,282
Jacksonville,ASUN,40,114,966,130,242,42,4,346,18,,94,24,4,19,201,51,13,6,,53,7,,248,278
Jacksonville St.,ASUN,46,183,"1,243",197,351,62,5,528,35,,114,39,11,27,203,47,5,2,,47,6,,295,385
James Madison,CAA,42,204,"1,093",229,303,61,3,568,66,,121,30,6,19,226,65,5,1,,28,8,,227,332
Kansas,Big 12,43,193,"1,127",217,314,63,7,517,42,,132,20,2,17,248,82,8,4,,20,9,,273,279
Kansas City,Summit League,40,99,"1,019",108,225,38,7,343,22,3,110,10,5,12,222,68,16,11,,39,5,,296,265
Kennesaw St.,ASUN,41,145,"1,070",155,283,45,3,424,30,,95,16,10,18,214,47,7,5,,41,13,,287,273
Kent St.,MAC,40,140,985,161,235,42,3,370,29,2,106,26,8,29,245,58,10,4,,20,3,,296,212
Kentucky,SEC,45,285,"1,207",306,403,59,9,666,62,4,114,10,13,30,206,41,4,,,42,10,,295,302
Lafayette,Patriot,37,107,948,127,217,39,2,284,8,,89,31,6,13,179,48,14,5,,30,8,,277,257
Lamar University,WAC,40,104,"1,010",130,209,35,4,309,19,,120,29,6,16,220,61,12,10,,15,3,,267,292
Lehigh,Patriot,35,138,935,154,279,43,8,407,23,1,77,3,10,10,144,35,11,5,,46,11,,265,221
Liberty,ASUN,49,251,"1,283",283,372,61,11,590,45,2,161,26,20,13,205,54,23,12,,43,13,,309,375
Lipscomb,ASUN,43,141,"1,099",154,257,40,12,366,15,,114,21,7,23,280,70,15,5,,24,16,,278,285
LIU,NEC,46,188,"1,248",211,363,58,3,478,17,,110,19,12,37,185,57,10,3,,39,11,,370,327
LMU (CA),WCC,45,211,"1,168",239,352,68,5,523,31,1,126,31,14,47,203,66,10,5,,56,13,,317,310
Long Beach St.,Big West,42,155,"1,106",175,308,45,5,387,8,,97,33,11,17,178,50,21,15,,24,11,,342,262
Longwood,Big South,46,148,"1,230",178,335,47,9,475,25,,102,23,10,11,247,54,8,,,74,21,,307,314
Louisiana,Sun Belt,46,295,"1,219",332,436,88,20,735,57,3,155,24,20,16,142,46,21,6,,115,25,,310,329
Louisiana Tech,C-USA,49,222,"1,260",246,366,66,13,569,37,,160,57,12,26,251,79,17,3,,52,4,,265,378
Louisville,ACC,44,222,"1,162",245,335,62,15,583,52,3,149,20,6,16,239,64,7,4,,31,10,,274,298
Loyola Chicago,MVC,39,89,990,106,198,26,10,280,12,,101,15,5,10,229,75,6,4,,49,18,,276,269
LSU,SEC,48,274,"1,251",294,373,81,9,637,55,1,198,25,16,19,198,68,11,6,,45,7,,307,376
Maine,America East,40,146,"1,063",157,269,48,8,396,21,,74,15,10,15,221,52,12,4,,39,11,,294,264
Manhattan,MAAC,37,101,952,112,217,40,7,334,21,1,77,11,3,8,196,65,10,3,,37,11,,257,261
Marist,MAAC,43,165,"1,113",178,274,50,5,421,29,1,106,26,12,10,226,62,13,5,,54,10,,294,301
Marshall,C-USA,43,244,"1,107",266,357,77,2,609,57,,144,39,9,19,154,39,19,10,,32,3,,333,266
Maryland,Big Ten,45,181,"1,185",230,335,61,6,456,16,,132,36,15,19,190,65,6,3,,122,15,,353,296
Massachusetts,Atlantic 10,43,137,"1,091",163,275,34,10,368,13,,148,28,12,21,232,56,12,4,,25,3,,287,295
McNeese,Southland,48,205,"1,208",244,337,62,13,497,24,2,152,41,17,16,194,58,22,8,1,112,21,,315,348
Memphis,AAC,49,167,"1,216",188,312,40,7,423,19,,125,17,13,33,211,64,15,7,,24,16,,361,330
Mercer,SoCon,47,146,"1,206",163,305,47,8,416,16,,138,36,6,28,252,71,13,6,,30,13,,313,327
Merrimack,NEC,33,70,827,76,177,24,1,224,7,,79,15,2,12,194,50,5,,,31,7,,257,180
Miami (OH),MAC,43,253,"1,162",270,353,60,10,709,92,6,147,16,12,6,209,42,10,2,,37,8,,219,368
Michigan,Big Ten,43,183,"1,134",207,324,73,8,491,26,1,107,29,9,17,231,64,6,3,,46,13,,296,276
Michigan St.,Big Ten,48,164,"1,247",183,331,59,7,476,24,1,129,22,15,36,230,62,23,11,,47,17,,280,419
Middle Tenn.,C-USA,47,136,"1,217",148,302,47,4,399,14,,100,26,12,39,197,40,12,9,,48,9,,357,375
Minnesota,Big Ten,42,225,"1,120",240,320,59,5,563,58,2,162,43,8,20,215,62,14,6,,28,1,,233,350
Mississippi St.,SEC,49,236,"1,220",257,353,59,6,616,64,6,145,42,10,12,209,52,20,14,,19,6,,267,378
Mississippi Val.,SWAC,33,67,808,82,172,21,10,234,7,,59,13,4,25,156,38,5,2,,55,10,,279,191
Missouri,SEC,46,222,"1,230",247,358,50,9,648,74,2,137,25,9,8,241,60,11,4,,44,14,,280,337
Missouri St.,MVC,37,132,965,141,227,40,6,375,32,,100,20,7,17,237,69,6,2,,51,12,,262,241
Monmouth,MAAC,42,93,"1,067",108,226,43,3,311,12,1,104,29,3,19,266,86,11,4,,26,10,,254,309
Montana,Big Sky,41,184,"1,121",199,323,51,4,493,37,2,119,34,10,18,178,30,11,6,,21,3,,305,299
Morehead St.,OVC,38,83,868,97,190,31,5,246,5,,74,35,4,14,241,64,11,6,,39,15,,215,215
Morgan St.,MEAC,38,150,994,182,261,63,17,388,10,,125,26,11,14,151,43,6,2,,84,19,,286,278
Mount St. Mary's,NEC,42,119,"1,027",135,238,45,5,356,21,1,108,36,5,24,254,72,4,1,,88,12,,266,276
Murray St.,OVC,46,199,"1,188",225,349,78,9,547,34,1,111,30,11,15,198,45,12,4,,43,14,,290,346
N.C. A&T,Big South,41,143,"1,009",158,252,29,9,383,28,,93,16,7,12,302,71,5,2,,61,16,,230,216
N.C. Central,MEAC,42,150,993,163,241,38,4,380,31,,113,23,2,3,245,61,18,10,,38,13,,206,275
NC State,ACC,52,251,"1,280",272,340,62,1,626,74,,188,47,16,11,343,72,8,4,1,27,9,,205,391
Nebraska,Big Ten,45,281,"1,242",300,404,66,10,694,68,2,157,22,10,8,186,51,21,15,,38,6,,293,334
Nevada,Mountain West,46,165,"1,201",184,305,52,6,444,25,1,116,49,11,26,315,110,11,1,,76,17,,282,295
New Mexico,Mountain West,44,190,"1,195",204,328,51,9,520,41,19,162,13,17,20,230,72,10,4,,17,5,,291,341
New Mexico St.,WAC,41,200,"1,069",218,330,44,3,539,53,,108,18,4,5,211,56,12,4,,32,9,,293,208
Niagara,MAAC,31,89,780,106,179,32,1,231,6,1,101,13,5,13,172,47,6,1,,30,6,,224,187
Nicholls,Southland,42,137,"1,012",147,263,53,4,372,16,,111,22,10,21,248,64,11,4,,49,13,,240,260
NIU,MAC,37,142,981,171,271,44,7,371,14,,110,10,11,24,156,37,5,,,58,17,,286,254
Norfolk St.,MEAC,49,239,"1,263",271,374,76,12,573,33,1,165,40,15,19,209,77,27,12,,95,25,,352,306
North Ala.,ASUN,44,243,"1,212",276,383,61,8,589,43,,132,19,13,14,149,36,12,6,,49,7,,333,320
North Carolina,ACC,48,175,"1,198",198,325,62,11,469,20,1,113,36,11,18,220,32,16,3,,49,23,,346,300
North Dakota,Summit League,47,86,"1,201",99,266,45,5,336,5,,105,21,10,11,214,49,19,8,,31,11,,368,325
North Dakota St.,Summit League,44,222,"1,203",237,336,86,5,501,23,,130,21,14,9,233,62,10,3,,26,7,,309,309
North Florida,ASUN,51,230,"1,288",258,366,61,9,547,34,,137,24,17,39,142,48,16,6,,72,20,,375,406
North Texas,C-USA,39,206,"1,026",223,295,57,4,516,52,3,119,21,12,7,201,58,14,2,,44,12,,250,266
Northern Colo.,Big Sky,44,173,"1,146",192,328,52,9,455,19,1,92,37,12,33,188,44,11,3,,29,13,,326,302
Northern Ky.,Horizon,46,126,"1,172",145,271,50,4,383,18,,110,21,5,41,276,82,9,5,,32,8,,369,254
Northwestern,Big Ten,42,260,"1,158",294,345,54,7,593,60,7,149,50,13,6,220,54,4,,,61,13,,273,293
Northwestern St.,Southland,45,161,"1,209",172,325,46,1,460,29,,110,21,8,32,199,47,19,11,,20,6,,302,380
Notre Dame,ACC,45,261,"1,258",292,420,87,12,657,42,4,114,32,11,16,142,31,10,5,,70,10,,357,321
Oakland,Horizon,29,99,778,111,198,36,1,290,18,,66,15,6,5,149,38,8,6,,16,5,,187,214
Ohio,MAC,41,183,"1,134",209,316,69,11,542,45,1,123,32,11,4,230,61,10,2,,71,6,,246,329
Ohio St.,Big Ten,42,193,"1,117",209,322,52,11,525,43,1,81,24,11,24,188,47,8,3,,40,10,,306,304
Oklahoma,Big 12,43,381,"1,034",402,393,53,7,802,114,2,200,36,17,9,112,18,14,8,1,47,11,,238,266
Oklahoma St.,Big 12,45,231,"1,172",263,358,45,4,594,61,,155,28,10,16,209,55,15,3,,47,10,,305,279
Ole Miss,SEC,48,241,"1,219",264,357,65,8,555,39,1,158,49,14,18,224,67,14,10,,46,8,,270,364
Omaha,Summit League,35,130,947,147,269,50,6,397,22,,89,32,6,4,183,54,13,6,,39,3,,259,218
Oregon,Pac-12,42,237,"1,152",265,353,66,7,604,57,,102,24,14,8,173,51,11,3,,73,15,,307,287
Oregon St.,Pac-12,46,213,"1,274",237,363,58,4,570,47,1,104,24,8,7,245,45,8,3,,33,11,,317,312
Pacific,WCC,43,110,"1,137",130,282,39,5,382,17,1,73,17,7,22,193,37,17,12,,36,14,,318,317
Penn,Ivy League,40,120,"1,063",138,263,36,3,377,24,1,111,22,5,11,224,49,6,2,,30,6,,243,320
Penn St.,Big Ten,46,192,"1,180",205,307,65,6,507,41,2,115,34,7,21,254,56,9,3,,30,8,,262,352
Pittsburgh,ACC,38,129,937,134,240,33,8,379,30,,95,15,3,24,243,66,9,2,,38,14,,233,228
Portland St.,Big Sky,39,155,"1,009",176,270,41,5,387,22,,126,28,8,20,205,58,9,4,,51,10,,293,221
Prairie View,SWAC,38,148,981,167,273,49,6,412,26,4,128,11,6,29,209,68,16,4,,42,8,,292,217
Presbyterian,Big South,41,180,"1,039",197,317,54,4,481,34,1,94,16,11,21,224,55,11,9,,49,6,,238,260
Princeton,Ivy League,38,129,"1,002",150,289,57,3,382,10,,65,12,6,16,171,40,11,2,,38,12,,274,258
Providence,Big East,40,149,"1,026",163,247,45,2,386,30,2,125,26,2,9,217,69,14,10,,25,8,,261,268
Purdue,Big Ten,48,150,"1,191",164,305,51,12,470,30,3,120,28,11,17,273,63,6,3,,25,6,,277,332
Purdue Fort Wayne,Horizon,43,107,"1,009",122,225,42,4,335,20,,110,19,7,22,287,86,6,5,,39,15,,252,251
Quinnipiac,MAAC,33,100,823,110,190,42,4,276,12,,76,24,6,14,178,44,3,1,,23,9,,241,198
Radford,Big South,40,123,"1,016",134,226,40,1,367,33,,93,16,5,33,240,45,2,1,,22,6,,303,248
Rhode Island,Atlantic 10,41,120,"1,095",139,274,42,7,360,10,,99,4,10,27,199,59,11,7,,43,10,,299,327
Rider,MAAC,46,184,"1,285",210,381,54,6,483,12,,67,24,6,25,198,42,10,6,1,16,5,,386,303
Robert Morris,Horizon,40,162,"1,106",188,285,49,5,413,23,,120,26,7,13,229,55,6,5,,51,4,,280,278
Rutgers,Big Ten,50,199,"1,242",224,340,67,7,508,29,2,150,51,17,23,208,53,26,6,,59,16,,329,376
Sacramento St.,Big Sky,45,201,"1,201",214,342,54,4,545,47,4,118,15,7,25,231,58,18,10,,26,8,,331,294
Sacred Heart,NEC,46,112,"1,168",127,284,46,5,412,24,,101,19,8,17,258,70,15,1,,12,3,,291,320
Saint Francis (PA),NEC,44,178,"1,157",205,333,53,9,515,37,6,111,41,12,21,166,36,15,5,,44,11,,296,353
Saint Joseph's,Atlantic 10,39,127,"1,044",145,255,40,4,348,15,2,138,18,5,15,198,45,10,2,,56,9,,338,226
Saint Louis,Atlantic 10,42,155,"1,059",172,266,60,11,414,22,1,133,23,9,24,245,59,11,3,,46,11,,265,285
Saint Mary's (CA),WCC,40,98,995,117,232,31,12,308,7,,72,29,9,25,177,53,15,4,,24,10,,276,305
Saint Peter's,MAAC,41,137,"1,068",160,264,45,5,361,14,,58,26,9,22,184,33,11,3,,45,11,,287,310
Sam Houston,WAC,47,148,"1,232",170,276,48,6,426,30,,133,42,12,19,248,54,14,8,,38,9,,394,307
Samford,SoCon,42,151,"1,141",175,309,46,6,436,23,,117,8,7,24,142,44,10,5,,44,8,,355,324
San Diego,WCC,48,141,"1,252",160,304,47,6,417,18,,113,27,6,21,246,77,9,2,,23,7,,371,318
San Diego St.,Mountain West,42,189,"1,160",209,340,47,11,493,28,8,118,27,8,22,187,51,12,4,,65,17,,343,284
San Jose St.,Mountain West,44,165,"1,187",187,324,56,11,501,33,3,140,19,4,21,235,48,17,11,,17,5,,352,268
Santa Clara,WCC,41,145,"1,060",159,289,52,8,375,6,,81,30,11,36,188,50,14,6,,46,6,,318,275
Seattle U,WAC,45,170,"1,203",183,318,45,8,460,27,3,109,28,7,11,208,64,10,9,,23,11,,384,270
Seton Hall,Big East,38,160,"1,044",187,302,68,7,471,29,1,99,25,10,7,217,44,13,5,,36,7,,239,269
SFA,WAC,42,167,"1,083",181,290,58,6,471,37,2,134,28,10,30,212,59,14,8,,11,4,,296,292
Siena,MAAC,41,165,"1,135",184,310,57,6,427,16,2,111,28,16,26,176,52,11,,,19,6,,339,309
SIUE,OVC,45,141,"1,191",161,303,55,3,463,33,1,106,15,7,15,222,53,16,6,,25,3,,324,322
South Alabama,Sun Belt,37,123,933,138,234,29,9,362,27,4,103,9,9,18,212,54,12,7,,37,11,,253,233
South Carolina,SEC,49,238,"1,283",262,360,60,11,547,35,2,167,45,13,12,266,60,22,18,,62,12,,375,279
South Carolina St.,MEAC,37,68,843,81,175,14,6,231,10,,76,24,1,14,195,48,8,,,36,9,,247,212
South Dakota,Summit League,44,200,"1,194",226,336,58,6,493,29,2,122,15,5,8,256,63,9,6,,32,6,,323,251
South Dakota St.,Summit League,41,240,"1,176",260,352,62,4,590,56,,138,20,12,7,205,67,9,4,,16,6,,259,333
South Fla.,AAC,49,188,"1,227",207,329,59,6,463,21,,141,22,13,31,209,38,13,5,,96,13,,351,338
Southeast Mo. St.,OVC,42,194,"1,079",218,312,56,7,475,31,,101,20,8,12,158,40,14,4,,39,13,,293,295
Southeastern La.,Southland,45,222,"1,178",271,394,74,13,575,27,4,114,25,9,24,162,39,10,4,,113,15,,318,283
Southern Ill.,MVC,41,213,"1,162",236,333,43,4,474,30,1,181,44,11,14,219,66,13,6,,38,10,,296,294
Southern Miss.,C-USA,46,188,"1,240",209,338,46,10,539,45,2,139,25,13,6,222,43,15,5,,49,6,,266,401
Southern U.,SWAC,43,112,"1,074",131,244,38,8,346,16,1,83,17,3,25,194,49,8,4,,37,19,,352,262
Southern Utah,Big Sky,39,74,885,81,181,35,4,257,11,,65,28,2,5,293,71,11,7,,17,5,,188,212
St. Bonaventure,Atlantic 10,43,77,"1,040",98,212,36,3,287,11,1,111,21,4,19,273,65,9,6,,27,8,,282,268
St. John's (NY),Big East,41,65,941,75,177,27,2,235,9,7,78,18,4,18,303,88,7,4,,42,14,,232,224
St. Thomas (MN),Summit League,42,138,"1,089",157,278,31,3,402,29,2,119,20,8,15,303,77,13,7,,33,6,,283,220
Stanford,Pac-12,45,176,"1,165",194,318,53,20,474,21,,92,25,10,11,190,50,8,4,,44,7,,291,359
Stetson,ASUN,49,139,"1,226",151,286,38,5,424,30,,95,28,11,26,288,65,9,2,,66,9,,300,357
Stony Brook,America East,40,169,"1,073",191,291,53,9,437,25,3,85,28,5,35,189,40,5,2,,45,9,,305,275
Syracuse,ACC,41,170,"1,057",191,291,51,5,427,25,1,103,29,13,11,224,51,8,5,,51,12,,275,250
Tarleton St.,WAC,44,199,"1,192",227,339,53,9,530,40,1,118,37,6,20,207,47,13,7,,21,3,,324,301
Tennessee,SEC,47,284,"1,226",302,351,67,9,664,76,3,168,78,11,6,240,56,15,9,,80,8,,295,318
Tennessee St.,OVC,48,65,"1,115",86,201,34,6,253,2,,83,17,5,19,260,54,10,3,,36,15,,311,317
Tennessee Tech,OVC,46,232,"1,228",264,350,55,6,552,45,,139,17,6,26,184,58,10,3,,52,6,,298,360
Texas,Big 12,48,257,"1,259",289,389,79,11,628,46,1,174,20,15,18,198,60,16,9,,73,8,,316,340
Texas A&M,SEC,45,239,"1,145",274,337,54,7,564,53,4,196,15,11,7,268,80,12,3,,73,10,,265,250
Texas Southern,SWAC,37,166,973,182,260,32,4,372,24,1,131,15,13,16,163,64,7,3,,42,5,,270,273
Texas St.,Sun Belt,46,197,"1,207",221,341,42,6,464,23,,152,15,10,14,234,86,10,4,,72,11,,342,263
Texas Tech,Big 12,45,161,"1,076",177,272,61,6,438,31,1,124,26,8,13,257,54,16,10,,29,5,,273,267
Toledo,MAC,44,153,"1,122",177,262,52,2,405,29,,119,32,10,16,279,60,10,3,,41,8,,281,281
Towson,CAA,42,135,"1,069",146,278,36,17,414,22,,73,21,9,17,197,47,9,1,,30,5,,294,279
Troy,Sun Belt,42,170,"1,055",190,281,60,4,460,37,1,149,22,6,18,196,47,14,9,,26,2,,264,304
Tulsa,AAC,42,145,"1,094",168,280,54,10,405,17,,110,29,11,14,196,49,22,12,,27,11,,319,283
UAB,C-USA,42,160,"1,109",174,293,56,13,414,13,1,91,34,17,9,120,29,12,4,,25,14,,335,342
UAlbany,America East,35,157,949,179,280,59,7,422,23,,77,15,8,13,212,53,10,1,,66,16,,237,201
UC Davis,Big West,43,109,"1,151",130,276,36,9,375,15,,79,32,7,20,224,66,12,8,,37,12,,305,326
UC Riverside,Big West,40,172,"1,051",183,285,61,8,428,22,4,121,34,16,14,215,58,14,7,,40,8,,267,282
UC San Diego,Big West,44,144,"1,115",153,275,51,6,392,18,2,117,29,10,40,235,61,15,9,,60,13,,361,252
UC Santa Barbara,Big West,44,153,"1,114",165,307,56,12,423,12,,69,25,12,23,182,42,9,5,,31,7,,327,293
UCF,AAC,50,264,"1,290",298,384,60,12,567,33,1,197,34,12,21,240,67,13,10,,77,12,,374,282
UCLA,Pac-12,42,249,"1,056",280,337,66,12,565,46,,122,27,12,23,197,40,5,,,51,13,,273,247
UConn,Big East,47,229,"1,247",263,359,58,8,544,37,1,146,27,13,19,255,75,5,1,,117,16,,308,295
UIC,Horizon,38,112,"1,003",123,248,44,10,360,16,,78,26,4,27,181,37,9,5,,14,9,,296,277
UIW,Southland,43,148,"1,128",161,279,46,8,419,26,,112,16,8,18,227,52,6,1,,29,9,,299,297
ULM,Sun Belt,45,179,"1,164",207,313,46,7,418,15,,137,25,5,29,243,62,16,3,,63,14,,310,295
UMass Lowell,America East,38,150,"1,036",166,277,55,3,422,28,,103,22,9,10,198,51,6,1,,37,9,,295,241
UMBC,America East,32,131,848,141,248,37,1,377,30,,67,13,6,12,146,45,6,4,,22,8,,224,214
UMES,MEAC,46,178,"1,209",205,357,52,9,454,9,,99,15,18,30,188,54,16,4,,94,17,,370,285
UNC Greensboro,SoCon,46,254,"1,250",272,345,63,5,682,88,2,140,43,14,14,229,50,7,2,,6,1,,275,392
UNCW,CAA,38,135,933,177,257,37,11,358,14,1,110,27,8,26,170,40,5,,,94,17,,251,238
UNI,MVC,38,206,"1,004",218,283,53,6,519,57,1,153,12,14,5,195,54,5,5,,67,13,,234,287
UNLV,Mountain West,43,247,"1,116",257,351,49,9,574,52,1,158,34,16,19,209,61,11,7,,22,5,,270,293
USC Upstate,Big South,49,260,"1,230",295,390,74,4,598,42,,113,34,10,38,132,36,15,7,,112,6,,337,371
UT Arlington,Sun Belt,41,143,986,159,249,38,2,369,26,,140,6,5,35,216,63,9,3,,39,13,,287,245
UT Martin,OVC,43,219,"1,137",247,345,52,8,515,34,,112,22,13,24,182,55,11,4,,42,2,,350,250
Utah,Pac-12,45,205,"1,191",226,355,51,7,516,32,,110,27,13,24,160,36,9,2,,76,16,,377,291
Utah St.,Mountain West,45,209,"1,236",246,331,61,5,504,34,3,156,29,21,14,263,78,12,8,,51,5,,302,328
Utah Valley,WAC,39,201,"1,068",222,342,56,3,503,33,,113,24,11,20,190,58,15,8,,39,6,,252,279
UTEP,C-USA,43,122,"1,052",132,243,46,3,355,20,,107,20,6,14,242,56,9,3,,26,5,,260,294
UTSA,C-USA,41,168,"1,072",183,263,38,5,470,53,,156,16,8,2,277,104,18,3,,4,3,,223,287
Valparaiso,MVC,40,99,990,114,229,37,3,299,9,,67,13,4,19,183,44,22,14,,41,6,,345,215
Villanova,Big East,45,188,"1,206",208,325,55,5,531,47,2,139,30,9,4,271,65,20,10,,44,10,,261,324
Virginia,ACC,47,186,"1,223",210,304,65,3,486,37,,135,29,12,10,221,69,15,6,,61,16,,302,365
Virginia Tech,ACC,42,249,"1,185",262,382,56,17,619,49,2,116,15,8,4,158,28,17,8,,53,10,,262,354
Wagner,NEC,42,129,"1,143",143,304,52,6,404,12,1,83,17,10,36,148,33,21,11,,11,2,,353,343
Washington,Pac-12,40,236,"1,035",256,306,61,8,587,68,8,155,34,13,21,226,59,14,11,,42,7,,217,283
Weber St.,Big Sky,42,219,"1,126",257,340,54,8,527,39,,136,19,11,23,221,63,14,3,,46,7,,267,281
Western Caro.,SoCon,47,156,"1,193",182,278,47,2,458,43,,120,33,4,10,253,43,22,7,,67,17,,317,316
Western Ill.,Summit League,38,60,887,67,185,20,6,235,6,,75,18,3,13,235,46,13,4,,17,7,,244,213
Western Ky.,C-USA,40,190,"1,051",215,313,61,4,475,31,,130,14,8,23,166,43,4,2,,61,10,,284,279
Western Mich.,MAC,46,119,"1,127",133,243,40,3,349,20,,84,16,5,25,269,88,11,8,,12,4,,351,251
Wichita St.,AAC,41,301,"1,131",326,394,68,7,755,93,1,151,31,8,7,213,59,14,9,,44,8,,246,248
Winthrop,Big South,49,146,"1,216",171,299,41,7,399,15,,143,37,7,18,303,74,9,7,,92,23,,314,281
Wisconsin,Big Ten,37,170,957,194,254,48,12,392,22,16,143,38,12,9,228,64,13,4,,40,14,,207,244
Yale,Ivy League,31,80,748,98,176,29,6,283,22,,70,20,1,21,175,48,7,4,,8,4,,177,227
Youngstown St.,Horizon,47,161,"1,221",175,316,55,8,441,18,2,95,50,12,40,279,68,13,5,,27,7,,264,381