Institution,Conference,MP,FGM,FGA,FG%,3FG,3FGA,3FG%,FT,FTA,FT%,PTS,AvgPts,ORebs,DRebs,TotReb,AvgReb,AST,TO,STL,BLK,PF,G,DQ,TechFouls
A&M-Corpus Christi,Southland,5825:00:00,661,"1,647",40.13,94,375,25.07,428,608,70.39,"1,844",63.59,396,768,"1,164",40.14,430,519,297,94,506,29,5,
Abilene Christian,WAC,6000:00:00,766,"1,773",43.2,287,811,35.39,397,524,75.76,"2,216",73.87,343,678,"1,021",34.03,483,430,230,59,479,30,7,4
Air Force,Mountain West,6647:03:00,766,"2,026",37.81,165,565,29.2,336,459,73.2,"2,033",61.61,412,726,"1,138",34.48,422,439,363,66,588,33,9,1
Akron,MAC,5800:00:00,716,"1,682",42.57,174,543,32.04,341,487,70.02,"1,947",67.14,304,741,"1,045",36.03,417,439,211,107,447,29,4,2
Alabama,SEC,6873:40:00,841,"2,006",41.92,269,787,34.18,480,667,71.96,"2,431",71.5,397,853,"1,250",36.76,385,512,305,100,557,34,12,2
Alabama A&M,SWAC,5850:00:00,631,"1,673",37.72,92,359,25.63,376,538,69.89,"1,730",59.66,383,762,"1,145",39.48,331,466,186,136,494,29,4,2
Alabama St.,SWAC,6029:57:00,682,"1,762",38.71,130,443,29.35,416,607,68.53,"1,912",63.73,417,769,"1,186",39.53,411,610,211,118,627,30,8,7
Alcorn,SWAC,5024:59:00,462,"1,365",33.85,139,501,27.74,235,361,65.1,"1,298",51.92,244,535,779,31.16,247,478,170,44,525,25,15,5
American,Patriot,6450:00:00,718,"1,719",41.77,129,489,26.38,335,470,71.28,"1,900",59.38,272,751,"1,023",31.97,451,506,266,76,492,32,7,
App State,Sun Belt,5300:00:00,642,"1,588",40.43,204,723,28.22,297,467,63.6,"1,785",68.65,290,696,986,37.92,329,508,244,68,467,26,6,2
Arizona,Pac-12,5850:00:00,721,"1,677",42.99,180,539,33.4,327,466,70.17,"1,949",67.21,302,643,945,32.59,408,372,300,113,499,29,4,3
Arizona St.,Pac-12,5249:57:00,582,"1,506",38.65,163,531,30.7,318,428,74.3,"1,645",63.27,344,611,955,36.73,334,384,188,97,460,26,7,3
Ark.-Pine Bluff,SWAC,5800:00:00,700,"1,802",38.85,155,550,28.18,433,620,69.84,"1,988",68.55,398,789,"1,187",40.93,402,454,231,90,509,29,8,3
Arkansas,SEC,6450:00:00,833,"2,041",40.81,258,810,31.85,431,642,67.13,"2,355",73.59,359,851,"1,210",37.81,400,356,237,160,524,32,9,1
Arkansas St.,Sun Belt,5600:00:00,776,"1,842",42.13,208,627,33.17,413,572,72.2,"2,173",77.61,383,724,"1,107",39.54,405,416,257,59,548,28,11,3
Army West Point,Patriot,5875:00:00,674,"1,791",37.63,199,682,29.18,294,434,67.74,"1,841",63.48,426,761,"1,187",40.93,326,500,192,71,468,29,6,
Auburn,SEC,5625:00:00,648,"1,677",38.64,110,386,28.5,378,570,66.32,"1,784",63.71,353,662,"1,015",36.25,314,419,237,96,519,28,12,2
Austin Peay,OVC,6643:26:00,792,"1,735",45.65,211,569,37.08,387,576,67.19,"2,182",66.12,314,788,"1,102",33.39,445,525,242,68,588,33,13,3
Ball St.,MAC,6650:00:00,868,"2,010",43.18,285,892,31.95,335,481,69.65,"2,356",71.39,310,859,"1,169",35.42,521,451,256,107,535,33,7,
Baylor,Big 12,7025:00:00,979,"2,136",45.83,233,678,34.37,486,669,72.65,"2,677",76.49,395,"1,000","1,395",39.86,617,445,230,136,517,35,9,6
Bellarmine,ASUN,5599:37:00,619,"1,635",37.86,189,583,32.42,275,383,71.8,"1,702",60.79,285,655,940,33.57,333,512,190,77,505,28,11,2
Belmont,OVC,6248:24:00,792,"1,837",43.11,265,813,32.6,306,445,68.76,"2,155",69.52,352,750,"1,102",35.55,479,394,276,130,456,31,6,
Bethune-Cookman,SWAC,5425:00:00,593,"1,560",38.01,98,354,27.68,335,525,63.81,"1,619",59.96,329,656,985,36.48,267,546,231,67,485,27,14,6
Binghamton,America East,5825:00:00,635,"1,616",39.29,142,497,28.57,256,350,73.14,"1,668",57.52,257,739,996,34.34,358,460,196,88,454,29,12,1
Boise St.,Mountain West,5825:00:00,681,"1,724",39.5,118,440,26.82,320,500,64,"1,800",62.07,374,793,"1,167",40.24,397,465,162,112,482,29,7,
Boston College,ACC,6625:00:00,893,"1,990",44.87,195,590,33.05,397,577,68.8,"2,378",72.06,426,817,"1,243",37.67,515,608,275,122,545,33,7,1
Boston U.,Patriot,6200:00:00,743,"1,758",42.26,192,565,33.98,259,390,66.41,"1,937",62.48,335,837,"1,172",37.81,376,500,184,137,466,31,10,2
Bowling Green,MAC,6625:00:00,869,"1,946",44.66,272,708,38.42,393,551,71.32,"2,403",72.82,305,837,"1,142",34.61,506,506,307,58,552,33,8,3
Bradley,MVC,5634:47:00,577,"1,581",36.5,201,626,32.11,293,429,68.3,"1,648",58.86,276,705,981,35.04,325,404,140,107,476,28,5,
Brown,Ivy League,5200:00:00,549,"1,489",36.87,158,580,27.24,217,320,67.81,"1,473",56.65,236,648,884,34,280,444,252,86,397,26,11,
Bryant,NEC,6400:00:00,672,"1,742",38.58,160,462,34.63,303,427,70.96,"1,807",56.47,366,789,"1,155",36.09,423,616,212,87,491,32,6,3
Bucknell,Patriot,6850:00:00,795,"1,909",41.64,178,533,33.4,361,511,70.65,"2,129",62.62,279,910,"1,189",34.97,446,419,240,108,467,34,4,1
Buffalo,MAC,6850:00:00,962,"2,247",42.81,196,604,32.45,457,627,72.89,"2,577",75.79,483,943,"1,426",41.94,507,478,327,132,485,34,12,5
Butler,Big East,5700:00:00,587,"1,509",38.9,158,601,26.29,224,328,68.29,"1,556",55.57,260,674,934,33.36,319,556,138,55,403,28,2,
BYU,WCC,6025:00:00,890,"1,914",46.5,216,653,33.08,318,421,75.53,"2,314",77.13,387,799,"1,186",39.53,593,394,297,138,475,30,3,1
Cal Poly,Big West,5075:56:00,553,"1,514",36.53,91,377,24.14,234,353,66.29,"1,431",57.24,288,665,953,38.12,306,397,149,50,466,25,8,
Cal St. Fullerton,Big West,5825:00:00,642,"1,600",40.12,124,462,26.84,341,494,69.03,"1,749",60.31,301,704,"1,005",34.66,358,465,218,83,502,29,13,
California,Pac-12,4855:54:00,579,"1,444",40.1,138,419,32.94,347,442,78.51,"1,643",68.46,303,596,899,37.46,322,364,204,105,439,24,8,3
California Baptist,WAC,6476:54:00,903,"2,035",44.37,281,907,30.98,332,486,68.31,"2,419",75.59,261,981,"1,242",38.81,610,481,302,140,569,32,11,5
Campbell,Big South,6248:11:00,720,"1,710",42.11,230,706,32.58,312,460,67.83,"1,982",63.94,349,734,"1,083",34.94,473,489,260,105,458,31,1,
Canisius,MAAC,6251:26:00,639,"1,734",36.85,251,780,32.18,264,401,65.84,"1,793",57.84,334,693,"1,027",33.13,314,556,198,102,479,31,8,1
Central Ark.,ASUN,5650:00:00,567,"1,505",37.67,58,234,24.79,317,458,69.21,"1,509",53.89,336,708,"1,044",37.29,287,511,183,61,477,28,13,1
Central Conn. St.,NEC,5200:00:00,561,"1,537",36.5,174,568,30.63,220,324,67.9,"1,516",58.31,294,600,894,34.38,266,416,161,102,439,26,9,3
Central Mich.,MAC,5800:00:00,626,"1,698",36.87,197,718,27.44,267,375,71.2,"1,716",59.17,310,735,"1,045",36.03,327,476,169,64,493,29,10,
Charleston So.,Big South,5799:25:00,542,"1,542",35.15,144,548,26.28,207,340,60.88,"1,435",49.48,245,713,958,33.03,304,622,193,98,508,29,13,
Charlotte,C-USA,6550:00:00,719,"1,833",39.23,157,545,28.81,428,593,72.18,"2,023",63.22,346,865,"1,211",37.84,370,472,209,147,490,32,8,
Chattanooga,SoCon,6100:00:00,646,"1,678",38.5,177,615,28.78,339,475,71.37,"1,808",60.27,274,741,"1,015",33.83,359,497,174,77,492,30,5,
Chicago St.,WAC,5448:00:00,555,"1,557",35.65,106,398,26.63,310,483,64.18,"1,526",56.52,348,613,961,35.59,224,498,221,89,583,27,16,
Cincinnati,AAC,5650:00:00,599,"1,600",37.44,134,451,29.71,342,474,72.15,"1,674",59.79,311,679,990,35.36,400,493,228,136,549,28,7,2
Clemson,ACC,6250:00:00,738,"1,888",39.09,144,525,27.43,377,533,70.73,"1,997",64.42,419,714,"1,133",36.55,326,512,279,106,548,31,16,3
Cleveland St.,Horizon,6025:00:00,715,"1,769",40.42,188,605,31.07,481,674,71.36,"2,099",69.97,416,815,"1,231",41.03,343,489,285,118,438,30,5,2
Coastal Carolina,Sun Belt,5203:08:00,690,"1,624",42.49,130,445,29.21,371,535,69.35,"1,881",72.35,434,759,"1,193",45.88,351,497,215,80,508,26,13,3
Col. of Charleston,CAA,6250:00:00,860,"2,152",39.96,225,773,29.11,377,501,75.25,"2,322",74.9,443,755,"1,198",38.65,447,409,356,124,468,31,9,1
Colgate,Patriot,6000:00:00,618,"1,622",38.1,144,500,28.8,237,315,75.24,"1,617",53.9,284,682,966,32.2,321,498,170,77,470,30,6,3
Colorado,Pac-12,6325:00:00,742,"1,796",41.31,178,593,30.02,373,545,68.44,"2,035",65.65,378,745,"1,123",36.23,437,438,331,112,539,31,5,3
Colorado St.,Mountain West,6625:00:00,834,"2,000",41.7,251,720,34.86,358,463,77.32,"2,277",69,235,"1,001","1,236",37.45,475,315,162,100,386,33,4,1
Columbia,Ivy League,6450:00:00,794,"1,931",41.12,246,787,31.26,362,575,62.96,"2,196",68.62,424,929,"1,353",42.28,521,556,237,129,542,32,12,1
Coppin St.,MEAC,5600:00:00,600,"1,666",36.01,150,572,26.22,410,583,70.33,"1,760",62.86,306,798,"1,104",39.43,304,424,211,95,449,28,6,3
Cornell,Ivy League,5025:00:00,485,"1,376",35.25,110,412,26.7,253,400,63.25,"1,333",53.32,342,567,909,36.36,316,466,184,86,417,25,14,2
Creighton,Big East,6650:00:00,911,"2,009",45.35,334,908,36.78,288,395,72.91,"2,444",74.06,345,842,"1,187",35.97,668,421,231,93,516,33,6,1
CSU Bakersfield,Big West,5063:04:00,542,"1,433",37.82,140,480,29.17,306,404,75.74,"1,530",61.2,285,589,874,34.96,272,365,180,62,459,25,6,1
CSUN,Big West,5700:00:00,579,"1,527",37.92,150,454,33.04,295,432,68.29,"1,603",57.25,268,644,912,32.57,301,463,290,57,515,28,14,
Dartmouth,Ivy League,5224:13:00,458,"1,435",31.92,139,540,25.74,167,263,63.5,"1,222",47,296,630,926,35.62,239,478,166,57,409,26,4,1
Davidson,Atlantic 10,6625:00:00,783,"1,869",41.89,209,665,31.43,322,422,76.3,"2,097",63.55,351,763,"1,114",33.76,394,491,200,82,581,33,13,3
Dayton,Atlantic 10,6426:00:00,769,"1,920",40.05,196,564,34.75,373,547,68.19,"2,107",65.84,399,940,"1,339",41.84,419,402,181,138,501,32,5,2
Delaware,CAA,6425:00:00,850,"2,174",39.1,156,523,29.83,447,624,71.63,"2,303",71.97,554,862,"1,416",44.25,385,431,246,116,513,32,5,1
Delaware St.,MEAC,4825:00:00,407,"1,196",34.03,73,308,23.7,235,368,63.86,"1,122",46.75,228,591,819,34.12,193,520,105,35,303,24,5,3
Denver,Summit League,6150:00:00,665,"1,723",38.6,220,741,29.69,385,502,76.69,"1,935",64.5,273,758,"1,031",34.37,368,455,184,155,485,30,9,1
DePaul,Big East,6675:00:00,"1,109","2,484",44.65,282,822,34.31,382,502,76.1,"2,882",87.33,517,828,"1,345",40.76,606,454,323,124,503,33,10,
Detroit Mercy,Horizon,5625:00:00,590,"1,576",37.44,95,349,27.22,285,437,65.22,"1,560",55.71,328,674,"1,002",35.79,304,558,251,65,503,28,13,1
Dixie St.,WAC,5898:59:00,701,"1,700",41.24,290,882,32.88,250,359,69.64,"1,942",66.97,209,869,"1,078",37.17,412,477,162,80,449,29,10,1
Drake,MVC,6850:00:00,908,"2,032",44.69,269,830,32.41,412,563,73.18,"2,497",73.44,384,"1,003","1,387",40.79,633,610,247,151,514,34,12,
Drexel,CAA,6875:00:00,856,"2,021",42.36,173,571,30.3,334,429,77.86,"2,219",65.26,397,816,"1,213",35.68,554,376,248,99,469,34,6,2
Duke,ACC,6000:00:00,731,"1,785",40.95,201,647,31.07,288,435,66.21,"1,951",65.03,385,783,"1,168",38.93,413,495,200,123,441,30,4,1
Duquesne,Atlantic 10,5823:53:00,672,"1,675",40.12,214,666,32.13,293,425,68.94,"1,851",63.83,298,723,"1,021",35.21,429,420,218,82,467,29,8,
East Carolina,AAC,5825:00:00,652,"1,799",36.24,112,440,25.45,330,542,60.89,"1,746",60.21,443,654,"1,097",37.83,370,497,313,141,538,29,9,5
Eastern Ill.,OVC,6100:00:00,750,"1,799",41.69,169,532,31.77,369,487,75.77,"2,038",67.93,343,702,"1,045",34.83,469,475,330,43,529,30,6,
Eastern Ky.,ASUN,6325:00:00,726,"1,881",38.6,151,521,28.98,474,641,73.95,"2,077",67,415,791,"1,206",38.9,380,553,287,129,545,31,18,5
Eastern Mich.,MAC,5400:00:00,664,"1,694",39.2,151,523,28.87,325,472,68.86,"1,804",66.81,324,685,"1,009",37.37,265,386,235,88,457,27,7,3
Eastern Wash.,Big Sky,5999:46:00,656,"1,849",35.48,204,683,29.87,314,448,70.09,"1,830",61,331,783,"1,114",37.13,363,420,265,67,496,30,8,
Elon,CAA,5834:06:00,647,"1,621",39.91,171,563,30.37,343,462,74.24,"1,808",62.34,337,664,"1,001",34.52,365,492,210,100,501,29,12,
ETSU,SoCon,5600:00:00,570,"1,627",35.03,182,634,28.71,228,338,67.46,"1,550",55.36,263,680,943,33.68,299,412,213,82,475,28,10,
Evansville,MVC,6100:00:00,684,"1,799",38.02,169,602,28.07,445,623,71.43,"1,982",66.07,307,730,"1,037",34.57,336,483,241,97,579,30,15,
Fairfield,MAAC,6453:48:00,774,"1,832",42.25,188,548,34.31,333,441,75.51,"2,069",64.66,289,785,"1,074",33.56,454,375,256,79,405,32,7,
Fairleigh Dickinson,NEC,6325:00:00,680,"1,731",39.28,177,570,31.05,355,495,71.72,"1,892",61.03,331,835,"1,166",37.61,395,456,187,83,479,31,7,2
FGCU,ASUN,6649:09:00,927,"2,116",43.81,393,"1,193",32.94,331,504,65.67,"2,578",78.12,299,847,"1,146",34.73,583,371,327,100,513,33,7,
FIU,C-USA,6250:00:00,707,"1,812",39.02,195,668,29.19,379,531,71.37,"1,988",64.13,382,673,"1,055",34.03,355,525,292,82,617,31,17,
Fla. Atlantic,C-USA,6075:00:00,619,"1,636",37.84,153,568,26.94,368,500,73.6,"1,759",58.63,318,760,"1,078",35.93,342,475,174,66,459,30,7,
Florida,SEC,6450:00:00,803,"1,982",40.51,175,566,30.92,395,538,73.42,"2,176",68,400,861,"1,261",39.41,401,537,278,108,625,32,6,3
Florida A&M,SWAC,5624:20:00,525,"1,579",33.25,140,519,26.97,322,479,67.22,"1,512",54,365,659,"1,024",36.57,260,570,174,31,514,28,17,1
Florida St.,ACC,6259:15:00,762,"1,766",43.15,144,462,31.17,355,504,70.44,"2,023",65.26,335,798,"1,133",36.55,439,491,191,141,494,31,3,6
Fordham,Atlantic 10,5825:00:00,677,"1,753",38.62,201,661,30.41,248,352,70.45,"1,803",62.17,352,662,"1,014",34.97,395,385,217,74,445,29,12,2
Fresno St.,Mountain West,5832:05:00,733,"1,755",41.77,217,596,36.41,328,442,74.21,"2,011",69.34,281,761,"1,042",35.93,377,338,186,65,419,29,8,3
Furman,SoCon,6850:00:00,776,"2,046",37.93,202,688,29.36,429,578,74.22,"2,183",64.21,507,874,"1,381",40.62,442,542,226,66,507,34,11,2
Ga. Southern,Sun Belt,5663:29:00,810,"1,925",42.08,168,560,30,432,617,70.02,"2,220",79.29,472,828,"1,300",46.43,388,527,308,110,531,28,9,
Gardner-Webb,Big South,6200:00:00,786,"1,923",40.87,183,625,29.28,425,606,70.13,"2,180",70.32,370,747,"1,117",36.03,372,493,269,137,595,31,10,4
George Mason,Atlantic 10,5849:57:00,602,"1,650",36.48,147,528,27.84,350,514,68.09,"1,701",58.66,309,745,"1,054",36.34,309,456,166,74,463,29,7,1
George Washington,Atlantic 10,6206:23:00,602,"1,754",34.32,145,536,27.05,251,428,58.64,"1,600",51.61,410,762,"1,172",37.81,297,452,228,55,484,31,7,
Georgetown,Big East,5950:00:00,644,"1,672",38.52,152,524,29.01,303,441,68.71,"1,743",60.1,346,741,"1,087",37.48,369,525,232,109,488,29,7,
Georgia,SEC,6250:00:00,832,"1,942",42.84,103,337,30.56,352,479,73.49,"2,119",68.35,423,836,"1,259",40.61,503,492,264,197,463,31,5,3
Georgia St.,Sun Belt,5300:00:00,611,"1,568",38.97,148,520,28.46,312,491,63.54,"1,682",64.69,269,636,905,34.81,303,415,240,74,525,26,7,6
Georgia Tech,ACC,6475:00:00,738,"1,821",40.53,178,569,31.28,296,449,65.92,"1,950",60.94,359,882,"1,241",38.78,485,446,189,141,424,32,6,1
Gonzaga,WCC,6804:28:00,843,"1,948",43.28,221,636,34.75,438,565,77.52,"2,345",68.97,479,902,"1,381",40.62,496,507,263,135,527,34,10,1
Grambling,SWAC,6002:17:00,688,"1,738",39.59,154,530,29.06,399,570,70,"1,929",64.3,335,673,"1,008",33.6,362,510,258,80,573,30,5,5
Grand Canyon,WAC,6425:00:00,767,"1,934",39.66,195,613,31.81,378,543,69.61,"2,107",65.84,428,704,"1,132",35.38,397,534,404,81,642,32,15,1
Green Bay,Horizon,5450:00:00,606,"1,553",39.02,192,608,31.58,268,341,78.59,"1,672",61.93,282,674,956,35.41,388,369,188,66,406,27,7,
Hampton,Big South,5828:00:00,624,"1,659",37.61,102,362,28.18,372,575,64.7,"1,722",59.38,328,664,992,34.21,308,444,253,56,510,29,8,
Hartford,America East,6050:00:00,606,"1,667",36.35,182,609,29.89,228,361,63.16,"1,622",54.07,321,710,"1,031",34.37,332,618,210,76,489,30,10,1
Harvard,Ivy League,5450:00:00,721,"1,841",39.16,245,746,32.84,228,342,66.67,"1,915",70.93,382,613,995,36.85,412,335,291,71,463,27,7,
Hawaii,Big West,6000:00:00,642,"1,614",39.78,213,649,32.82,421,594,70.88,"1,918",63.93,313,762,"1,075",35.83,359,456,224,86,501,30,5,3
High Point,Big South,6225:00:00,711,"1,806",39.37,221,773,28.59,314,468,67.09,"1,957",63.13,205,824,"1,029",33.19,405,379,269,55,502,31,5,2
Hofstra,CAA,5625:00:00,552,"1,510",36.56,87,386,22.54,243,390,62.31,"1,434",51.21,305,633,938,33.5,301,501,247,42,484,28,11,3
Holy Cross,Patriot,6225:00:00,711,"1,771",40.15,179,581,30.81,271,401,67.58,"1,872",60.39,358,822,"1,180",38.06,410,484,204,82,412,31,1,2
Houston,AAC,6825:59:00,804,"2,083",38.6,193,636,30.35,348,535,65.05,"2,149",63.21,459,800,"1,259",37.03,435,529,341,158,594,34,10,2
Houston Baptist,Southland,5424:04:00,527,"1,504",35.04,153,484,31.61,351,451,77.83,"1,558",57.7,274,692,966,35.78,306,433,227,107,418,27,5,1
Howard,MEAC,6246:38:00,699,"1,904",36.71,139,562,24.73,440,674,65.28,"1,977",63.77,451,830,"1,281",41.32,347,521,277,125,564,31,10,3
Idaho,Big Sky,6425:00:00,782,"2,035",38.43,281,894,31.43,346,460,75.22,"2,191",68.47,281,908,"1,189",37.16,459,407,193,82,451,32,16,
Idaho St.,Big Sky,6275:00:00,796,"1,920",41.46,200,645,31.01,278,372,74.73,"2,070",66.77,362,730,"1,092",35.23,489,443,280,84,535,31,18,1
Illinois,Big Ten,5400:00:00,640,"1,609",39.78,157,494,31.78,301,456,66.01,"1,738",64.37,317,674,991,36.7,339,454,181,92,414,27,2,2
Illinois St.,MVC,6611:38:00,772,"1,766",43.71,173,525,32.95,428,566,75.62,"2,145",65,287,811,"1,098",33.27,359,443,176,104,513,33,10,
Indiana,Big Ten,6650:00:00,876,"1,928",45.44,160,485,32.99,441,590,74.75,"2,353",71.3,291,894,"1,185",35.91,463,430,216,111,505,33,10,1
Indiana St.,MVC,6200:00:00,768,"1,811",42.41,136,432,31.48,312,447,69.8,"1,984",64,382,668,"1,050",33.87,389,523,312,58,615,31,15,3
Iona,MAAC,5425:00:00,599,"1,455",41.17,144,508,28.35,179,287,62.37,"1,521",56.33,240,620,860,31.85,366,470,202,69,417,27,10,
Iowa,Big Ten,6425:00:00,988,"1,968",50.2,237,675,35.11,482,570,84.56,"2,695",84.22,273,954,"1,227",38.34,627,463,229,105,497,32,10,2
Iowa St.,Big 12,7025:00:00,924,"2,132",43.34,357,923,38.68,468,578,80.97,"2,673",76.37,373,"1,022","1,395",39.86,484,438,185,132,448,35,3,
IUPUI,Horizon,5849:57:00,752,"1,653",45.49,230,641,35.88,310,416,74.52,"2,044",70.48,315,821,"1,136",39.17,432,452,163,87,365,29,5,
Jackson St.,SWAC,5999:52:00,869,"1,958",44.38,130,422,30.81,518,753,68.79,"2,386",79.53,492,926,"1,418",47.27,427,468,260,146,491,30,8,3
Jacksonville,ASUN,5799:34:00,640,"1,646",38.88,119,449,26.5,338,496,68.15,"1,737",59.9,300,675,975,33.62,306,474,292,113,535,29,17,5
Jacksonville St.,ASUN,6400:00:00,778,"1,976",39.37,197,672,29.32,366,526,69.58,"2,119",66.22,394,834,"1,228",38.38,336,387,216,30,501,32,,
James Madison,CAA,5850:00:00,644,"1,690",38.11,151,537,28.12,404,551,73.32,"1,843",63.55,375,784,"1,159",39.97,266,456,172,74,477,29,12,5
Kansas,Big 12,6225:00:00,788,"1,808",43.58,172,507,33.93,478,634,75.39,"2,226",71.81,307,902,"1,209",39,399,532,247,177,515,31,7,1
Kansas City,Summit League,6450:00:00,829,"1,929",42.98,229,648,35.34,404,524,77.1,"2,291",71.59,382,839,"1,221",38.16,464,456,212,84,503,32,5,
Kansas St.,Big 12,6650:00:00,790,"1,940",40.72,181,636,28.46,420,551,76.23,"2,181",66.09,321,878,"1,199",36.33,545,450,245,170,508,33,4,1
Kennesaw St.,ASUN,5625:00:00,623,"1,590",39.18,131,435,30.11,311,466,66.74,"1,688",60.29,314,643,957,34.18,303,454,212,65,491,28,13,1
Kent St.,MAC,6200:00:00,753,"1,836",41.01,251,729,34.43,361,496,72.78,"2,118",68.32,374,813,"1,187",38.29,385,438,187,87,477,31,4,1
Kentucky,SEC,6225:00:00,849,"1,968",43.14,181,541,33.46,358,512,69.92,"2,237",72.16,392,759,"1,151",37.13,484,434,247,170,499,31,6,2
La Salle,Atlantic 10,5625:00:00,640,"1,669",38.35,237,750,31.6,313,422,74.17,"1,830",65.36,317,639,956,34.14,394,404,260,82,456,28,10,1
Lafayette,Patriot,6025:00:00,653,"1,662",39.29,117,430,27.21,213,316,67.41,"1,636",54.53,333,778,"1,111",37.03,326,493,165,115,424,30,7,4
Lamar University,WAC,5900:00:00,638,"1,561",40.87,175,481,36.38,365,536,68.1,"1,816",62.62,311,704,"1,015",35,383,463,206,72,478,29,9,2
Lehigh,Patriot,6000:00:00,765,"1,868",40.95,283,877,32.27,257,344,74.71,"2,070",69,300,874,"1,174",39.13,462,413,211,131,367,30,3,
Liberty,ASUN,6651:56:00,824,"1,848",44.59,176,573,30.72,338,496,68.15,"2,162",65.52,443,942,"1,385",41.97,521,519,188,126,547,33,10,1
Lipscomb,ASUN,6025:00:00,655,"1,684",38.9,216,682,31.67,261,365,71.51,"1,787",59.57,253,808,"1,061",35.37,323,465,151,98,526,30,11,4
Little Rock,Sun Belt,5475:00:00,641,"1,589",40.34,109,374,29.14,253,381,66.4,"1,644",60.89,324,663,987,36.56,361,423,208,89,477,27,10,2
LIU,NEC,5450:00:00,568,"1,607",35.35,163,512,31.84,201,331,60.73,"1,500",55.56,371,615,986,36.52,287,474,229,102,504,27,12,
LMU (CA),WCC,6031:39:00,650,"1,619",40.15,143,501,28.54,334,476,70.17,"1,777",59.23,300,719,"1,019",33.97,362,550,227,70,463,30,8,1
Long Beach St.,Big West,5675:00:00,641,"1,626",39.42,145,528,27.46,307,437,70.25,"1,734",61.93,273,591,864,30.86,386,370,336,90,449,28,5,
Longwood,Big South,6800:00:00,880,"2,117",41.57,227,731,31.05,444,591,75.13,"2,431",71.5,424,824,"1,248",36.71,480,576,338,161,612,34,7,1
Louisiana,Sun Belt,5025:00:00,631,"1,387",45.49,88,301,29.24,322,469,68.66,"1,672",66.88,214,682,896,35.84,232,362,180,63,399,25,7,1
Louisiana Tech,C-USA,6650:00:00,807,"1,865",43.27,127,402,31.59,473,623,75.92,"2,214",67.09,329,822,"1,151",34.88,379,471,272,92,485,33,5,1
Louisville,ACC,6825:00:00,961,"2,112",45.5,203,570,35.61,316,442,71.49,"2,441",71.79,438,856,"1,294",38.06,518,472,345,151,542,34,7,8
Loyola Chicago,MVC,5998:18:00,670,"1,686",39.74,163,545,29.91,289,412,70.15,"1,792",59.73,297,826,"1,123",37.43,385,428,189,117,462,30,2,
Loyola Maryland,Patriot,5825:00:00,588,"1,517",38.76,118,385,30.65,265,362,73.2,"1,559",53.76,294,648,942,32.48,325,472,191,25,459,29,5,1
LSU,SEC,6425:00:00,915,"2,067",44.27,104,326,31.9,425,647,65.69,"2,359",73.72,441,942,"1,383",43.22,459,433,269,135,475,32,11,3
Maine,America East,6500:00:00,731,"1,806",40.48,195,675,28.89,210,311,67.52,"1,867",58.34,298,747,"1,045",32.66,459,431,278,86,496,32,9,1
Manhattan,MAAC,6459:08:00,791,"1,972",40.11,144,523,27.53,392,550,71.27,"2,118",66.19,475,923,"1,398",43.69,386,577,253,102,496,32,7,1
Marist,MAAC,5825:00:00,558,"1,626",34.32,131,543,24.13,281,413,68.04,"1,528",52.69,279,691,970,33.45,319,450,244,101,381,29,7,1
Marquette,Big East,6875:00:00,911,"2,093",43.53,120,348,34.48,341,487,70.02,"2,283",67.15,464,921,"1,385",40.74,613,506,237,108,459,34,7,
Marshall,C-USA,5650:00:00,626,"1,673",37.42,187,630,29.68,343,485,70.72,"1,782",63.64,365,687,"1,052",37.57,322,355,215,60,523,28,9,1
Maryland,Big Ten,6425:00:00,925,"2,111",43.82,215,601,35.77,456,602,75.75,"2,521",78.78,474,774,"1,248",39,491,404,297,100,490,32,10,4
Massachusetts,Atlantic 10,6625:00:00,902,"2,055",43.89,200,608,32.89,363,529,68.62,"2,367",71.73,454,865,"1,319",39.97,481,440,257,86,485,33,4,1
McNeese,Southland,5648:41:00,678,"1,738",39.01,229,751,30.49,386,540,71.48,"1,971",70.39,402,739,"1,141",40.75,399,530,269,55,560,28,11,3
Memphis,AAC,5625:00:00,609,"1,603",37.99,145,465,31.18,382,534,71.54,"1,745",62.32,388,717,"1,105",39.46,295,446,189,111,442,28,6,5
Mercer,SoCon,6025:00:00,747,"1,786",41.83,118,326,36.2,321,463,69.33,"1,933",64.43,320,780,"1,100",36.67,354,411,227,126,492,30,7,1
Merrimack,NEC,5275:00:00,632,"1,550",40.77,169,508,33.27,235,376,62.5,"1,668",64.15,297,636,933,35.88,350,447,172,50,416,26,10,1
Miami (FL),ACC,6800:00:00,766,"1,925",39.79,205,677,30.28,333,479,69.52,"2,070",60.88,384,843,"1,227",36.09,442,567,308,112,573,34,8,2
Miami (OH),MAC,5800:00:00,752,"1,865",40.32,175,600,29.17,275,372,73.92,"1,954",67.38,366,708,"1,074",37.03,393,516,281,78,605,29,12,1
Michigan,Big Ten,6500:00:00,836,"1,862",44.9,147,481,30.56,468,626,74.76,"2,287",71.47,418,875,"1,293",40.41,442,510,222,83,500,32,5,1
Michigan St.,Big Ten,6050:00:00,764,"1,768",43.21,194,548,35.4,396,541,73.2,"2,118",70.6,355,773,"1,128",37.6,510,459,220,103,501,30,5,1
Middle Tenn.,C-USA,7131:25:00,858,"2,109",40.68,337,"1,014",33.23,342,458,74.67,"2,395",68.43,374,887,"1,261",36.03,447,460,312,135,627,35,17,
Milwaukee,Horizon,6025:00:00,654,"1,633",40.05,154,535,28.79,297,372,79.84,"1,759",58.63,333,726,"1,059",35.3,400,503,217,102,492,30,9,
Minnesota,Big Ten,6625:00:00,815,"2,003",40.69,277,726,38.15,393,516,76.16,"2,300",69.7,382,836,"1,218",36.91,450,476,212,114,539,33,10,1
Mississippi St.,SEC,5800:00:00,792,"1,855",42.7,192,610,31.48,287,455,63.08,"2,063",71.14,338,703,"1,041",35.9,377,340,261,151,420,29,5,1
Mississippi Val.,SWAC,5250:00:00,585,"1,741",33.6,173,619,27.95,313,496,63.1,"1,656",63.69,400,618,"1,018",39.15,334,508,250,51,536,26,14,2
Missouri,SEC,6323:11:00,791,"1,747",45.28,249,648,38.43,356,488,72.95,"2,187",70.55,268,848,"1,116",36,417,457,175,64,496,31,8,3
Missouri St.,MVC,6600:00:00,765,"2,073",36.9,135,510,26.47,473,644,73.45,"2,138",64.79,530,863,"1,393",42.21,413,442,304,170,596,33,15,1
Monmouth,MAAC,6050:00:00,664,"1,758",37.77,186,642,28.97,262,392,66.84,"1,776",59.2,351,786,"1,137",37.9,385,574,215,108,478,30,5,
Montana,Big Sky,6050:00:00,739,"1,744",42.37,175,533,32.83,385,530,72.64,"2,038",67.93,334,903,"1,237",41.23,383,422,161,143,418,30,7,1
Montana St.,Big Sky,7075:00:00,836,"2,214",37.76,244,805,30.31,501,642,78.04,"2,417",69.06,446,859,"1,305",37.29,439,415,323,72,603,35,8,
Morehead St.,OVC,5600:00:00,554,"1,554",35.65,149,593,25.13,213,314,67.83,"1,470",52.5,268,613,881,31.46,273,481,193,91,479,28,12,2
Morgan St.,MEAC,5225:00:00,615,"1,646",37.36,114,420,27.14,301,448,67.19,"1,645",63.27,440,567,"1,007",38.73,271,427,291,68,496,26,8,12
Mount St. Mary's,NEC,5800:00:00,661,"1,571",42.08,218,619,35.22,311,420,74.05,"1,851",63.83,259,709,968,33.38,343,463,205,75,476,29,9,
Murray St.,OVC,6475:00:00,829,"1,747",47.45,170,483,35.2,497,621,80.03,"2,325",72.66,330,942,"1,272",39.75,494,480,166,74,364,32,2,
N.C. A&T,Big South,5850:00:00,750,"1,751",42.83,130,452,28.76,340,482,70.54,"1,970",67.93,355,704,"1,059",36.52,439,524,259,64,448,29,2,2
N.C. Central,MEAC,4999:00:00,525,"1,564",33.57,105,414,25.36,386,563,68.56,"1,541",61.64,368,609,977,39.08,253,519,281,69,523,25,18,4
Navy,Patriot,6199:46:00,640,"1,797",35.61,164,574,28.57,264,397,66.5,"1,708",55.1,346,743,"1,089",35.13,337,444,218,72,497,31,11,2
NC State,ACC,7300:00:00,"1,060","2,270",46.7,266,727,36.59,396,525,75.43,"2,782",77.28,436,"1,072","1,508",41.89,516,435,267,111,475,36,1,1
Nebraska,Big Ten,6600:00:00,931,"2,093",44.48,279,781,35.72,427,595,71.76,"2,568",77.82,433,947,"1,380",41.82,574,463,242,126,542,33,1,3
Nevada,Mountain West,6725:56:00,821,"2,027",40.5,201,651,30.88,356,440,80.91,"2,199",66.64,373,769,"1,142",34.61,417,425,307,58,553,33,4,
New Hampshire,America East,5625:00:00,542,"1,495",36.25,96,410,23.41,303,454,66.74,"1,483",52.96,338,579,917,32.75,286,485,245,48,492,28,6,1
New Mexico,Mountain West,7200:00:00,"1,017","2,257",45.06,346,985,35.13,377,498,75.7,"2,757",76.58,331,"1,013","1,344",37.33,596,491,302,147,480,36,1,4
New Mexico St.,WAC,5923:28:00,706,"1,801",39.2,114,419,27.21,343,506,67.79,"1,869",64.45,411,690,"1,101",37.97,329,467,245,59,588,29,14,2
New Orleans,Southland,4625:00:00,439,"1,286",34.14,115,427,26.93,259,383,67.62,"1,252",54.43,248,517,765,33.26,243,439,212,50,476,23,15,
Niagara,MAAC,6050:00:00,760,"2,010",37.81,173,647,26.74,403,605,66.61,"2,096",69.87,459,616,"1,075",35.83,389,608,398,41,595,30,12,1
Nicholls,Southland,5225:00:00,561,"1,476",38.01,89,343,25.95,331,459,72.11,"1,542",59.31,293,653,946,36.38,268,533,215,46,451,26,7,1
NIU,MAC,5875:00:00,721,"1,794",40.19,213,670,31.79,278,387,71.83,"1,933",66.66,357,852,"1,209",41.69,343,437,184,45,379,29,7,4
NJIT,America East,6075:00:00,626,"1,562",40.08,137,486,28.19,312,462,67.53,"1,701",56.7,299,778,"1,077",35.9,288,534,151,144,500,30,4,1
Norfolk St.,MEAC,5800:00:00,633,"1,710",37.02,140,539,25.97,353,523,67.5,"1,759",60.66,394,670,"1,064",36.69,306,495,358,124,559,29,13,15
North Ala.,ASUN,5900:00:00,690,"1,678",41.12,283,828,34.18,334,445,75.06,"1,997",68.86,255,759,"1,014",34.97,444,465,198,129,494,29,4,3
North Carolina,ACC,6425:00:00,855,"2,067",41.36,180,575,31.3,449,631,71.16,"2,339",73.09,451,916,"1,367",42.72,445,435,297,115,500,32,4,3
North Dakota,Summit League,6025:00:00,746,"1,844",40.46,136,446,30.49,389,493,78.9,"2,017",67.23,356,828,"1,184",39.47,369,443,197,118,490,30,10,1
North Dakota St.,Summit League,5799:58:00,638,"1,577",40.46,199,602,33.06,387,524,73.85,"1,862",64.21,292,709,"1,001",34.52,297,434,191,52,501,29,7,2
North Florida,ASUN,6050:00:00,738,"1,720",42.91,205,667,30.73,286,385,74.29,"1,967",65.57,239,834,"1,073",35.77,435,512,238,140,527,30,8,
North Texas,C-USA,6025:00:00,717,"1,746",41.07,157,513,30.6,399,597,66.83,"1,990",66.33,367,779,"1,146",38.2,354,443,203,83,478,30,5,2
Northeastern,CAA,6425:00:00,750,"1,834",40.89,159,556,28.6,322,437,73.68,"1,981",61.91,361,764,"1,125",35.16,362,564,255,76,579,32,10,
Northern Ariz.,Big Sky,6225:00:00,848,"1,915",44.28,187,503,37.18,375,519,72.25,"2,258",72.84,337,810,"1,147",37,470,469,248,90,561,31,12,3
Northern Colo.,Big Sky,6275:00:00,674,"1,673",40.29,220,626,35.14,353,469,75.27,"1,921",61.97,344,823,"1,167",37.65,384,539,226,83,472,31,9,
Northern Ky.,Horizon,5825:00:00,704,"1,711",41.15,190,605,31.4,320,458,69.87,"1,918",66.14,342,761,"1,103",38.03,358,430,240,114,410,29,1,
Northwestern,Big Ten,5875:00:00,700,"1,805",38.78,177,576,30.73,363,518,70.08,"1,940",66.9,373,691,"1,064",36.69,425,393,288,145,483,29,7,
Northwestern St.,Southland,5250:00:00,583,"1,558",37.42,133,496,26.81,356,496,71.77,"1,655",63.65,335,692,"1,027",39.5,285,468,230,77,430,26,7,3
Notre Dame,ACC,6650:00:00,952,"2,092",45.51,190,585,32.48,357,500,71.4,"2,451",74.27,398,928,"1,326",40.18,563,497,292,174,440,33,4,1
Oakland,Horizon,6000:00:00,678,"1,776",38.18,188,630,29.84,334,484,69.01,"1,878",62.6,380,696,"1,076",35.87,334,459,223,47,516,30,7,4
Ohio,MAC,6000:00:00,782,"1,935",40.41,260,811,32.06,375,556,67.45,"2,199",73.3,357,764,"1,121",37.37,371,398,291,77,487,30,14,3
Ohio St.,Big Ten,6400:00:00,915,"2,007",45.59,263,700,37.57,408,556,73.38,"2,501",78.16,314,847,"1,161",36.28,523,436,286,116,531,32,7,2
Oklahoma,Big 12,6875:00:00,980,"2,243",43.69,316,906,34.88,532,705,75.46,"2,808",82.59,404,993,"1,397",41.09,641,640,326,105,645,34,13,1
Oklahoma St.,Big 12,5800:00:00,610,"1,772",34.42,153,529,28.92,299,486,61.52,"1,672",57.66,365,707,"1,072",36.97,336,419,263,111,467,29,8,
Old Dominion,C-USA,6800:00:00,810,"2,029",39.92,152,542,28.04,397,632,62.82,"2,169",63.79,482,797,"1,279",37.62,400,510,360,132,626,34,7,1
Ole Miss,SEC,6400:00:00,821,"1,952",42.06,102,366,27.87,398,595,66.89,"2,142",66.94,447,781,"1,228",38.38,459,450,290,142,549,32,9,5
Omaha,Summit League,5224:49:00,549,"1,406",39.05,105,373,28.15,285,388,73.45,"1,488",57.23,232,626,858,33,284,428,202,63,444,26,8,1
Oral Roberts,Summit League,6260:52:00,712,"1,819",39.14,154,540,28.52,463,632,73.26,"2,041",65.84,342,812,"1,154",37.23,371,460,263,101,448,31,5,
Oregon,Pac-12,6525:00:00,855,"1,959",43.64,203,613,33.12,370,518,71.43,"2,283",71.34,408,861,"1,269",39.66,472,426,274,137,523,32,11,1
Oregon St.,Pac-12,6250:00:00,736,"1,755",41.94,192,583,32.93,334,453,73.73,"1,998",64.45,292,968,"1,260",40.65,458,467,149,145,398,31,2,
Pacific,WCC,5825:00:00,721,"1,812",39.79,178,562,31.67,359,520,69.04,"1,979",68.24,292,721,"1,013",34.93,413,487,224,51,556,29,11,
Penn,Ivy League,5250:00:00,612,"1,592",38.44,177,574,30.84,282,393,71.76,"1,683",64.73,351,700,"1,051",40.42,335,388,216,104,387,26,8,
Penn St.,Big Ten,5800:00:00,770,"1,790",43.02,188,622,30.23,319,426,74.88,"2,047",70.59,286,677,963,33.21,399,452,277,128,460,29,8,1
Pepperdine,WCC,5025:00:00,584,"1,465",39.86,108,396,27.27,213,319,66.77,"1,489",59.56,292,605,897,35.88,309,409,191,96,420,25,14,3
Pittsburgh,ACC,6064:22:00,683,"1,833",37.26,132,452,29.2,352,555,63.42,"1,850",61.67,467,849,"1,316",43.87,349,555,208,149,528,30,6,2
Portland,WCC,6223:19:00,820,"1,880",43.62,165,620,26.61,385,544,70.77,"2,190",70.65,387,767,"1,154",37.23,564,507,340,154,577,31,9,
Portland St.,Big Sky,5800:00:00,634,"1,713",37.01,188,632,29.75,269,356,75.56,"1,725",59.48,299,675,974,33.59,340,449,234,57,440,29,3,
Prairie View,SWAC,5800:00:00,663,"1,806",36.71,170,561,30.3,348,506,68.77,"1,844",63.59,345,779,"1,124",38.76,431,592,294,114,598,29,13,
Presbyterian,Big South,6025:00:00,650,"1,591",40.85,153,521,29.37,345,477,72.33,"1,798",59.93,321,751,"1,072",35.73,346,579,187,73,453,30,3,
Princeton,Ivy League,6025:00:00,764,"1,847",41.36,185,534,34.64,336,449,74.83,"2,049",68.3,404,769,"1,173",39.1,405,403,299,80,483,30,8,
Providence,Big East,6100:00:00,665,"1,684",39.49,140,479,29.23,327,470,69.57,"1,797",59.9,307,844,"1,151",38.37,337,539,211,174,474,30,14,
Purdue,Big Ten,6425:00:00,818,"1,940",42.16,239,738,32.38,338,448,75.45,"2,213",69.16,336,808,"1,144",35.75,506,484,224,126,565,32,10,2
Purdue Fort Wayne,Horizon,5599:56:00,611,"1,602",38.14,232,714,32.49,230,281,81.85,"1,684",60.14,260,634,894,31.93,355,450,189,73,447,28,9,1
Quinnipiac,MAAC,6675:00:00,829,"2,006",41.33,197,622,31.67,372,512,72.66,"2,227",67.48,414,873,"1,287",39,444,516,269,122,532,33,5,
Radford,Big South,6000:00:00,662,"1,659",39.9,185,591,31.3,245,370,66.22,"1,754",58.47,292,775,"1,067",35.57,374,592,177,83,548,30,8,3
Rhode Island,Atlantic 10,5800:00:00,703,"1,647",42.68,146,441,33.11,284,423,67.14,"1,836",63.31,345,799,"1,144",39.45,404,411,225,89,368,29,3,3
Rice,C-USA,5550:00:00,619,"1,544",40.09,165,562,29.36,402,567,70.9,"1,805",66.85,341,719,"1,060",39.26,333,481,201,77,462,27,7,2
Richmond,Atlantic 10,6025:00:00,760,"1,714",44.34,275,807,34.08,320,439,72.89,"2,115",70.5,280,836,"1,116",37.2,434,496,203,159,480,30,3,
Rider,MAAC,6025:00:00,638,"1,623",39.31,188,594,31.65,284,393,72.26,"1,748",58.27,253,720,973,32.43,375,510,251,133,456,30,5,2
Robert Morris,Horizon,5600:00:00,577,"1,532",37.66,157,530,29.62,210,323,65.02,"1,521",54.32,262,600,862,30.79,299,427,233,57,478,28,7,1
Rutgers,Big Ten,6225:00:00,683,"1,682",40.61,130,441,29.48,315,469,67.16,"1,811",58.42,393,764,"1,157",37.32,375,573,262,111,526,31,7,2
Sacramento St.,Big Sky,6025:00:00,719,"1,656",43.42,206,621,33.17,300,418,71.77,"1,944",64.8,279,747,"1,026",34.2,393,395,169,81,452,30,10,
Sacred Heart,NEC,5050:00:00,528,"1,405",37.58,125,417,29.98,270,392,68.88,"1,451",58.04,252,607,859,34.36,254,412,163,62,503,25,10,1
Saint Francis (PA),NEC,6075:00:00,613,"1,592",38.51,132,443,29.8,269,388,69.33,"1,627",54.23,348,740,"1,088",36.27,342,543,143,48,446,30,7,2
Saint Joseph's,Atlantic 10,6000:00:00,637,"1,594",39.96,171,522,32.76,303,421,71.97,"1,748",58.27,317,689,"1,006",33.53,411,462,189,90,442,30,2,1
Saint Louis,Atlantic 10,5423:41:00,629,"1,620",38.83,108,422,25.59,249,350,71.14,"1,615",59.81,308,749,"1,057",39.15,321,401,187,121,347,27,1,
Saint Mary's (CA),WCC,6699:58:00,819,"1,920",42.66,234,684,34.21,429,587,73.08,"2,301",69.73,380,920,"1,300",39.39,472,607,184,76,597,33,13,2
Saint Peter's,MAAC,6225:00:00,647,"1,782",36.31,142,546,26.01,393,554,70.94,"1,829",59,428,799,"1,227",39.58,354,605,273,71,567,31,8,3
Sam Houston,WAC,6225:00:00,744,"1,870",39.79,102,328,31.1,501,724,69.2,"2,091",67.45,483,731,"1,214",39.16,347,619,306,87,647,31,13,2
Samford,SoCon,6075:00:00,707,"1,705",41.47,171,561,30.48,323,465,69.46,"1,908",63.6,332,764,"1,096",36.53,397,557,232,61,453,30,5,
San Diego,WCC,6462:02:00,782,"1,928",40.56,167,534,31.27,423,626,67.57,"2,154",67.31,433,705,"1,138",35.56,456,574,410,74,671,32,19,2
San Diego St.,Mountain West,6200:00:00,735,"1,880",39.1,188,553,34,284,424,66.98,"1,942",62.65,339,834,"1,173",37.84,369,399,223,65,523,31,8,3
San Francisco,WCC,6650:00:00,812,"1,928",42.12,254,768,33.07,363,496,73.19,"2,241",67.91,236,877,"1,113",33.73,456,455,227,63,546,33,10,1
San Jose St.,Mountain West,6000:00:00,648,"1,785",36.3,185,645,28.68,323,452,71.46,"1,804",60.13,299,693,992,33.07,354,435,213,95,463,30,5,7
Santa Clara,WCC,6250:00:00,761,"1,831",41.56,226,675,33.48,429,547,78.43,"2,177",70.23,358,776,"1,134",36.58,444,472,210,75,535,31,17,2
Seattle U,WAC,6074:57:00,687,"1,783",38.53,186,641,29.02,319,474,67.3,"1,879",62.63,334,778,"1,112",37.07,398,465,267,98,520,30,8,4
Seton Hall,Big East,7475:00:00,963,"2,273",42.37,265,763,34.73,374,478,78.24,"2,565",69.32,323,975,"1,298",35.08,570,469,281,128,485,37,5,3
SFA,WAC,6600:00:00,886,"2,003",44.23,235,720,32.64,460,654,70.34,"2,467",74.76,396,807,"1,203",36.45,535,521,405,139,568,33,5,5
Siena,MAAC,5812:42:00,631,"1,697",37.18,133,473,28.12,286,442,64.71,"1,681",57.97,390,692,"1,082",37.31,299,529,261,84,546,29,10,1
SIUE,OVC,6200:00:00,771,"1,918",40.2,156,505,30.89,450,635,70.87,"2,148",69.29,426,679,"1,105",35.65,470,614,330,82,587,31,13,2
SMU,AAC,5850:00:00,676,"1,742",38.81,101,351,28.77,307,458,67.03,"1,760",60.69,338,780,"1,118",38.55,426,415,211,123,441,29,4,1
South Alabama,Sun Belt,5250:00:00,573,"1,579",36.29,181,630,28.73,254,421,60.33,"1,581",60.81,273,606,879,33.81,293,415,232,53,449,26,7,3
South Carolina,SEC,7425:00:00,975,"2,289",42.6,179,585,30.6,494,731,67.58,"2,623",70.89,635,"1,136","1,771",47.86,515,534,239,273,489,37,1,
South Carolina St.,MEAC,5800:00:00,523,"1,607",32.55,151,601,25.12,265,431,61.48,"1,462",50.41,312,773,"1,085",37.41,278,658,167,136,523,29,15,1
South Dakota,Summit League,7025:00:00,909,"2,067",43.98,221,669,33.03,373,503,74.16,"2,412",68.91,344,863,"1,207",34.49,488,385,309,112,540,35,5,2
South Dakota St.,Summit League,7600:00:00,"1,066","2,226",47.89,305,788,38.71,406,559,72.63,"2,843",74.82,405,"1,038","1,443",37.97,660,502,265,160,510,38,3,
South Fla.,AAC,6625:00:00,722,"1,893",38.14,181,604,29.97,383,529,72.4,"2,008",60.85,469,855,"1,324",40.12,465,479,225,109,497,33,10,4
Southeast Mo. St.,OVC,5800:00:00,668,"1,686",39.62,123,452,27.21,304,451,67.41,"1,763",60.79,334,659,993,34.24,370,538,242,80,527,29,11,1
Southeastern La.,Southland,5475:00:00,638,"1,542",41.37,104,381,27.3,297,459,64.71,"1,677",62.11,320,698,"1,018",37.7,357,408,247,70,439,27,6,3
Southern California,Pac-12,5646:18:00,640,"1,627",39.34,139,435,31.95,382,499,76.55,"1,801",64.32,333,752,"1,085",38.75,381,440,196,176,461,28,7,4
Southern Ill.,MVC,6200:00:00,731,"1,748",41.82,135,461,29.28,358,509,70.33,"1,955",63.06,384,709,"1,093",35.26,430,406,249,68,451,31,6,1
Southern Miss.,C-USA,6050:00:00,767,"1,777",43.16,101,323,31.27,366,544,67.28,"2,001",66.7,407,782,"1,189",39.63,435,500,256,95,562,30,13,
Southern U.,SWAC,6275:10:00,711,"1,936",36.73,124,508,24.41,310,508,61.02,"1,856",59.87,422,613,"1,035",33.39,300,486,372,63,659,31,16,4
Southern Utah,Big Sky,6075:00:00,766,"1,834",41.77,172,538,31.97,415,568,73.06,"2,119",70.63,394,852,"1,246",41.53,412,446,197,143,435,30,4,2
St. Bonaventure,Atlantic 10,5625:00:00,600,"1,529",39.24,131,456,28.73,302,433,69.75,"1,633",58.32,244,708,952,34,253,418,166,104,421,28,9,1
St. Francis Brooklyn,NEC,5425:00:00,642,"1,583",40.56,174,552,31.52,289,391,73.91,"1,747",64.7,267,626,893,33.07,386,387,209,61,383,27,3,
St. John's (NY),Big East,6225:00:00,821,"1,906",43.07,249,734,33.92,342,452,75.66,"2,233",72.03,286,783,"1,069",34.48,451,451,173,113,413,31,4,
St. Thomas (MN),Summit League,5675:00:00,615,"1,548",39.73,161,536,30.04,236,356,66.29,"1,627",58.11,257,697,954,34.07,310,460,161,63,462,28,7,
Stanford,Pac-12,7200:00:00,990,"2,211",44.78,259,742,34.91,406,591,68.7,"2,645",73.47,478,"1,032","1,510",41.94,547,482,308,222,578,36,7,
Stetson,ASUN,6400:00:00,742,"1,805",41.11,156,543,28.73,382,553,69.08,"2,022",63.19,350,868,"1,218",38.06,396,544,293,54,500,32,6,
Stony Brook,America East,5800:00:00,713,"1,718",41.5,153,503,30.42,375,497,75.45,"1,954",67.38,363,782,"1,145",39.48,379,432,212,93,412,29,2,1
Syracuse,ACC,5800:00:00,765,"1,953",39.17,221,710,31.13,308,383,80.42,"2,059",71,348,666,"1,014",34.97,390,422,294,58,444,29,9,6
Tarleton St.,WAC,5825:00:00,647,"1,609",40.21,150,488,30.74,321,473,67.86,"1,765",60.86,325,745,"1,070",36.9,365,486,244,126,433,29,4,3
TCU,Big 12,5650:00:00,603,"1,626",37.08,150,541,27.73,333,482,69.09,"1,689",60.32,258,724,982,35.07,370,473,189,70,516,28,11,1
Temple,AAC,5650:00:00,607,"1,604",37.84,103,425,24.24,355,496,71.57,"1,672",59.71,365,718,"1,083",38.68,360,499,213,109,511,28,13,2
Tennessee,SEC,6850:00:00,900,"2,173",41.42,147,495,29.7,435,677,64.25,"2,382",70.06,568,"1,070","1,638",48.18,497,579,211,191,526,34,3,1
Tennessee St.,OVC,6275:00:00,763,"1,876",40.67,122,475,25.68,345,488,70.7,"1,993",64.29,377,642,"1,019",32.87,370,601,386,106,622,31,15,5
Tennessee Tech,OVC,6425:00:00,728,"1,714",42.47,187,592,31.59,462,654,70.64,"2,105",65.78,384,782,"1,166",36.44,450,487,218,113,463,32,4,
Texas,Big 12,7275:00:00,962,"2,202",43.69,169,466,36.27,495,716,69.13,"2,588",71.89,496,820,"1,316",36.56,456,513,357,125,659,36,15,
Texas A&M,SEC,5925:00:00,727,"1,780",40.84,183,493,37.12,374,521,71.79,"2,011",69.34,359,778,"1,137",39.21,403,437,170,118,527,29,8,2
Texas Southern,SWAC,5225:00:00,624,"1,572",39.69,151,484,31.2,379,544,69.67,"1,778",68.38,302,653,955,36.73,300,566,240,113,464,26,12,4
Texas St.,Sun Belt,5904:11:00,732,"1,708",42.86,167,530,31.51,341,498,68.47,"1,972",68,332,753,"1,085",37.41,473,499,235,67,488,29,7,2
Texas Tech,Big 12,6025:00:00,730,"1,661",43.95,137,391,35.04,377,528,71.4,"1,974",65.8,315,765,"1,080",36,373,502,181,103,511,30,12,1
Toledo,MAC,7050:00:00,917,"2,085",43.98,238,729,32.65,462,628,73.57,"2,534",72.4,394,"1,035","1,429",40.83,504,448,211,110,550,35,6,1
Towson,CAA,6400:00:00,860,"2,153",39.94,221,710,31.13,425,611,69.56,"2,366",73.94,506,928,"1,434",44.81,437,460,258,146,497,32,4,12
Troy,Sun Belt,6600:00:00,933,"2,434",38.33,174,665,26.17,563,767,73.4,"2,603",78.88,627,"1,054","1,681",50.94,484,560,348,160,637,33,16,7
Tulane,AAC,6300:00:00,789,"1,929",40.9,203,656,30.95,465,623,74.64,"2,246",72.45,445,902,"1,347",43.45,500,459,205,132,441,31,8,3
Tulsa,AAC,5700:00:00,715,"1,708",41.86,237,666,35.59,278,366,75.96,"1,945",69.46,278,671,949,33.89,425,340,239,97,469,28,8,2
UAB,C-USA,6250:00:00,741,"1,763",42.03,173,590,29.32,429,567,75.66,"2,084",67.23,381,882,"1,263",40.74,407,505,162,108,525,31,5,1
UAlbany,America East,6600:00:00,705,"1,718",41.04,194,582,33.33,281,421,66.75,"1,885",57.12,390,775,"1,165",35.3,420,557,270,115,441,33,2,
UC Davis,Big West,5625:00:00,622,"1,514",41.08,218,673,32.39,271,391,69.31,"1,733",61.89,265,816,"1,081",38.61,410,450,158,94,404,28,6,
UC Irvine,Big West,6653:28:00,772,"2,006",38.48,224,727,30.81,425,559,76.03,"2,193",66.45,435,812,"1,247",37.79,404,460,307,103,564,33,5,
UC Riverside,Big West,5000:00:00,536,"1,452",36.91,136,455,29.89,309,415,74.46,"1,517",60.68,243,663,906,36.24,236,345,203,50,403,25,3,1
UC San Diego,Big West,5425:00:00,605,"1,610",37.58,216,671,32.19,217,301,72.09,"1,643",60.85,281,774,"1,055",39.07,382,401,155,106,441,27,5,
UC Santa Barbara,Big West,5425:00:00,575,"1,449",39.68,149,517,28.82,353,486,72.63,"1,652",61.19,280,717,997,36.93,353,428,183,67,408,27,,
UCF,AAC,6000:00:00,686,"1,668",41.13,105,329,31.91,338,480,70.42,"1,815",60.5,404,719,"1,123",37.43,414,470,324,109,425,30,5,1
UCLA,Pac-12,6275:00:00,760,"1,889",40.23,185,566,32.69,359,468,76.71,"2,064",66.58,375,774,"1,149",37.06,421,400,215,105,525,31,16,3
UConn,Big East,7250:00:00,"1,037","2,172",47.74,247,731,33.79,335,486,68.93,"2,656",73.78,401,989,"1,390",38.61,643,504,321,167,514,36,8,
UIC,Horizon,5425:00:00,494,"1,367",36.14,102,394,25.89,341,525,64.95,"1,431",53,231,548,779,28.85,264,481,233,77,492,27,8,1
UIW,Southland,6078:15:00,627,"1,670",37.54,125,478,26.15,353,510,69.22,"1,732",57.73,358,710,"1,068",35.6,313,505,246,84,495,30,2,1
ULM,Sun Belt,5825:00:00,624,"1,714",36.41,84,321,26.17,351,534,65.73,"1,683",58.03,390,683,"1,073",37,294,540,245,81,547,29,10,1
UMass Lowell,America East,5400:00:00,552,"1,444",38.23,146,431,33.87,257,378,67.99,"1,507",55.81,294,599,893,33.07,281,488,196,73,458,27,7,6
UMBC,America East,5200:00:00,518,"1,405",36.87,111,359,30.92,260,349,74.5,"1,407",54.12,285,550,835,32.12,250,434,201,24,387,26,4,
UMES,MEAC,5600:00:00,656,"1,721",38.12,115,452,25.44,346,545,63.49,"1,773",63.32,452,725,"1,177",42.04,347,458,226,73,563,28,16,5
UNC Asheville,Big South,6425:00:00,745,"1,917",38.86,157,598,26.25,322,481,66.94,"1,969",61.53,356,778,"1,134",35.44,343,488,238,35,551,32,6,3
UNC Greensboro,SoCon,5632:27:00,581,"1,551",37.46,110,425,25.88,252,412,61.17,"1,524",54.43,364,696,"1,060",37.86,270,471,183,89,424,28,6,
UNCW,CAA,5825:00:00,585,"1,584",36.93,130,425,30.59,281,384,73.18,"1,581",54.52,327,589,916,31.59,286,501,196,60,502,29,6,1
UNI,MVC,6799:52:00,844,"2,019",41.8,248,793,31.27,411,536,76.68,"2,347",69.03,357,924,"1,281",37.68,485,427,223,146,490,34,4,1
UNLV,Mountain West,6600:00:00,907,"1,996",45.44,214,597,35.85,457,620,73.71,"2,485",75.3,385,946,"1,331",40.33,496,471,224,66,464,33,5,4
USC Upstate,Big South,6027:00:00,776,"1,664",46.63,176,510,34.51,289,414,69.81,"2,017",67.23,249,719,968,32.27,408,448,254,70,472,30,11,
UT Arlington,Sun Belt,5650:00:00,722,"1,688",42.77,114,403,28.29,402,580,69.31,"1,960",70,299,759,"1,058",37.79,436,392,221,102,466,28,7,3
UT Martin,OVC,6000:00:00,575,"1,453",39.57,172,513,33.53,347,455,76.26,"1,669",55.63,193,648,841,28.03,317,446,274,51,468,30,10,
Utah,Pac-12,6650:00:00,862,"1,971",43.73,312,876,35.62,469,602,77.91,"2,505",75.91,429,848,"1,277",38.7,506,499,218,90,543,33,3,4
Utah St.,Mountain West,6075:00:00,742,"1,902",39.01,197,664,29.67,377,516,73.06,"2,058",68.6,373,800,"1,173",39.1,426,501,210,95,458,30,5,3
Utah Valley,WAC,6250:00:00,731,"1,733",42.18,169,566,29.86,334,425,78.59,"1,965",63.39,330,864,"1,194",38.52,469,470,179,80,473,31,7,
UTEP,C-USA,5961:23:00,650,"1,657",39.23,161,545,29.54,430,602,71.43,"1,891",65.21,394,658,"1,052",36.28,341,490,220,55,523,29,11,2
UTRGV,WAC,6625:00:00,729,"1,900",38.37,245,820,29.88,306,437,70.02,"2,009",60.88,375,843,"1,218",36.91,460,607,266,92,601,33,17,
UTSA,C-USA,6075:00:00,585,"1,764",33.16,100,427,23.42,348,532,65.41,"1,618",53.93,466,789,"1,255",41.83,290,598,240,92,639,30,15,3
Valparaiso,MVC,6025:00:00,625,"1,503",41.58,241,730,33.01,311,415,74.94,"1,802",60.07,156,695,851,28.37,356,477,231,84,503,30,5,
Vanderbilt,SEC,7025:00:00,822,"2,054",40.02,194,599,32.39,366,533,68.67,"2,204",62.97,472,761,"1,233",35.23,450,590,380,67,573,35,11,2
VCU,Atlantic 10,5625:04:00,621,"1,626",38.19,165,518,31.85,292,431,67.75,"1,699",60.68,330,671,"1,001",35.75,272,342,217,86,417,28,6,1
Vermont,America East,6225:00:00,718,"1,720",41.74,171,539,31.73,299,409,73.11,"1,906",61.48,300,749,"1,049",33.84,438,435,231,131,431,31,4,
Villanova,Big East,6625:00:00,777,"1,936",40.13,242,784,30.87,347,456,76.1,"2,143",64.94,336,811,"1,147",34.76,500,425,254,124,486,33,2,
Virginia,ACC,5400:00:00,554,"1,501",36.91,104,399,26.07,274,433,63.28,"1,486",55.04,333,614,947,35.07,309,504,195,108,522,27,20,4
Virginia Tech,ACC,6628:39:00,827,"1,863",44.39,281,774,36.3,402,530,75.85,"2,337",70.82,296,909,"1,205",36.52,470,422,144,113,471,33,5,
Wagner,NEC,5800:00:00,661,"1,649",40.08,114,376,30.32,321,471,68.15,"1,757",60.59,340,663,"1,003",34.59,388,476,261,97,529,29,12,3
Wake Forest,ACC,6625:00:00,785,"1,991",39.43,195,604,32.28,379,546,69.41,"2,144",64.97,418,856,"1,274",38.61,353,503,225,97,543,33,9,
Washington,Pac-12,4625:00:00,486,"1,195",40.67,121,346,34.97,199,289,68.86,"1,292",56.17,230,594,824,35.83,294,414,137,98,316,23,5,1
Washington St.,Pac-12,6025:00:00,671,"1,749",38.36,204,648,31.48,256,359,71.31,"1,802",60.07,336,725,"1,061",35.37,392,421,231,123,472,30,9,2
Weber St.,Big Sky,6265:13:00,685,"1,717",39.9,128,443,28.89,487,645,75.5,"1,985",64.03,327,821,"1,148",37.03,349,538,249,90,583,31,12,4
West Virginia,Big 12,6125:00:00,751,"1,857",40.44,138,451,30.6,355,500,71,"1,995",66.5,382,743,"1,125",37.5,446,516,281,143,593,30,19,3
Western Caro.,SoCon,6049:00:00,607,"1,618",37.52,112,452,24.78,241,382,63.09,"1,567",52.23,359,724,"1,083",36.1,303,578,219,79,525,30,15,
Western Ill.,Summit League,5900:00:00,726,"1,747",41.56,250,765,32.68,351,533,65.85,"2,053",70.79,229,793,"1,022",35.24,392,418,236,102,396,29,7,
Western Ky.,C-USA,6128:20:00,744,"1,793",41.49,225,717,31.38,403,615,65.53,"2,116",70.53,403,721,"1,124",37.47,418,559,302,79,558,30,9,
Western Mich.,MAC,6025:00:00,697,"1,719",40.55,215,670,32.09,342,500,68.4,"1,951",65.03,257,749,"1,006",33.53,371,452,268,88,488,30,8,1
Wichita St.,AAC,6075:00:00,718,"1,856",38.69,132,450,29.33,354,470,75.32,"1,922",64.07,448,814,"1,262",42.07,382,527,260,115,495,30,4,2
William & Mary,CAA,6075:00:00,627,"1,600",39.19,185,573,32.29,273,361,75.62,"1,712",57.07,272,683,955,31.83,418,581,228,56,468,30,8,
Winthrop,Big South,6029:00:00,579,"1,555",37.23,116,441,26.3,275,484,56.82,"1,549",51.63,309,770,"1,079",35.97,317,656,210,44,483,30,3,
Wisconsin,Big Ten,5825:00:00,626,"1,571",39.85,178,561,31.73,249,346,71.97,"1,679",57.9,255,607,862,29.72,381,441,194,75,447,29,12,
Wofford,SoCon,6200:00:00,743,"1,985",37.43,248,777,31.92,317,425,74.59,"2,051",66.16,330,796,"1,126",36.32,385,416,215,79,417,31,,2
Wright St.,Horizon,4601:11:00,528,"1,443",36.59,130,455,28.57,191,289,66.09,"1,377",59.87,235,591,826,35.91,230,325,182,85,357,23,5,10
Wyoming,Mountain West,6200:00:00,698,"1,751",39.86,202,625,32.32,340,454,74.89,"1,938",64.6,349,873,"1,222",40.73,401,403,156,72,355,30,4,
Xavier,Big East,6028:26:00,701,"1,777",39.45,81,311,26.05,387,519,74.57,"1,870",62.33,355,734,"1,089",36.3,386,491,225,89,498,30,11,1
Yale,Ivy League,5450:00:00,582,"1,525",38.16,168,548,30.66,248,368,67.39,"1,580",58.52,320,729,"1,049",38.85,371,501,190,100,448,27,7,
Youngstown St.,Horizon,6100:00:00,680,"1,688",40.28,250,783,31.93,351,485,72.37,"1,961",65.37,305,788,"1,093",36.43,440,430,197,68,448,30,7,1